/*
Navicat MariaDB Data Transfer

Source Server         : MariaDB
Source Server Version : 100109
Source Host           : localhost:3306
Source Database       : db_golembang

Target Server Type    : MariaDB
Target Server Version : 100109
File Encoding         : 65001

Date: 2016-06-13 00:06:11
*/

SET FOREIGN_KEY_CHECKS=0;

-- ----------------------------
-- Table structure for komentar_alam
-- ----------------------------
DROP TABLE IF EXISTS `komentar_alam`;
CREATE TABLE `komentar_alam` (
  `komentar_alam_id` int(11) NOT NULL AUTO_INCREMENT,
  `komentar` text,
  `date_add` timestamp NULL DEFAULT NULL,
  `user_id` int(11) NOT NULL,
  `wisata_alam_id` int(11) NOT NULL,
  PRIMARY KEY (`komentar_alam_id`),
  KEY `fk_komentar_user1_idx` (`user_id`),
  KEY `fk_komentar_alam1_idx` (`wisata_alam_id`),
  CONSTRAINT `fk_komentar_alam1` FOREIGN KEY (`wisata_alam_id`) REFERENCES `wisata_alam` (`wisata_alam_id`) ON DELETE NO ACTION ON UPDATE NO ACTION,
  CONSTRAINT `fk_komentar_user1` FOREIGN KEY (`user_id`) REFERENCES `user` (`user_id`) ON DELETE NO ACTION ON UPDATE NO ACTION
) ENGINE=InnoDB AUTO_INCREMENT=11 DEFAULT CHARSET=latin1;

-- ----------------------------
-- Records of komentar_alam
-- ----------------------------
INSERT INTO `komentar_alam` VALUES ('1', 'Hade', '2016-06-02 14:17:44', '3', '1');
INSERT INTO `komentar_alam` VALUES ('7', 'Keren tuh tempatnya', '2016-06-08 05:12:26', '4', '1');
INSERT INTO `komentar_alam` VALUES ('10', 'Pernah kesini, tapi lupa kapan', '2016-06-12 12:22:50', '4', '1');

-- ----------------------------
-- Table structure for komentar_kuliner
-- ----------------------------
DROP TABLE IF EXISTS `komentar_kuliner`;
CREATE TABLE `komentar_kuliner` (
  `komentar_kuliner_id` int(11) NOT NULL AUTO_INCREMENT,
  `komentar` text,
  `date_add` timestamp NULL DEFAULT NULL,
  `user_id` int(11) NOT NULL,
  `wisata_kuliner_id` int(11) NOT NULL,
  PRIMARY KEY (`komentar_kuliner_id`),
  KEY `fk_komentar_kuliner_kuliner1_idx` (`wisata_kuliner_id`),
  KEY `fk_komentar_kuliner_user1_idx` (`user_id`),
  CONSTRAINT `fk_komentar_kuliner_kuliner1` FOREIGN KEY (`wisata_kuliner_id`) REFERENCES `wisata_kuliner` (`wisata_kuliner_id`) ON DELETE NO ACTION ON UPDATE NO ACTION,
  CONSTRAINT `fk_komentar_kuliner_user1` FOREIGN KEY (`user_id`) REFERENCES `user` (`user_id`) ON DELETE NO ACTION ON UPDATE NO ACTION
) ENGINE=InnoDB AUTO_INCREMENT=4 DEFAULT CHARSET=latin1;

-- ----------------------------
-- Records of komentar_kuliner
-- ----------------------------
INSERT INTO `komentar_kuliner` VALUES ('1', 'Mantp', '2016-06-07 07:41:40', '3', '4');
INSERT INTO `komentar_kuliner` VALUES ('2', 'Mantap jiwaaa', '2016-06-11 07:55:18', '4', '4');
INSERT INTO `komentar_kuliner` VALUES ('3', 'Pelayanan nya sangat memuaskan,', '2016-06-11 03:26:34', '3', '7');

-- ----------------------------
-- Table structure for rating_alam
-- ----------------------------
DROP TABLE IF EXISTS `rating_alam`;
CREATE TABLE `rating_alam` (
  `rating_alam_id` int(11) NOT NULL AUTO_INCREMENT,
  `jumlah_bintang` int(11) DEFAULT NULL,
  `date_add` timestamp NULL DEFAULT NULL,
  `wisata_alam_id` int(11) NOT NULL,
  `user_id` int(11) NOT NULL,
  PRIMARY KEY (`rating_alam_id`),
  KEY `fk_rating_alam_alam1_idx` (`wisata_alam_id`),
  KEY `fk_rating_alam_user1_idx` (`user_id`),
  CONSTRAINT `fk_rating_alam_alam1` FOREIGN KEY (`wisata_alam_id`) REFERENCES `wisata_alam` (`wisata_alam_id`) ON DELETE NO ACTION ON UPDATE NO ACTION,
  CONSTRAINT `fk_rating_alam_user1` FOREIGN KEY (`user_id`) REFERENCES `user` (`user_id`) ON DELETE NO ACTION ON UPDATE NO ACTION
) ENGINE=InnoDB AUTO_INCREMENT=10 DEFAULT CHARSET=latin1;

-- ----------------------------
-- Records of rating_alam
-- ----------------------------
INSERT INTO `rating_alam` VALUES ('1', '5', '2016-06-02 21:45:18', '1', '1');
INSERT INTO `rating_alam` VALUES ('3', '3', '2016-06-11 08:53:11', '1', '2');
INSERT INTO `rating_alam` VALUES ('5', '2', '2016-06-07 21:55:37', '5', '3');
INSERT INTO `rating_alam` VALUES ('6', '5', '2016-06-11 08:55:35', '1', '3');
INSERT INTO `rating_alam` VALUES ('7', '5', '2016-06-12 05:56:40', '1', '4');
INSERT INTO `rating_alam` VALUES ('9', '5', '2016-06-12 04:23:30', '3', '4');

-- ----------------------------
-- Table structure for rating_kuliner
-- ----------------------------
DROP TABLE IF EXISTS `rating_kuliner`;
CREATE TABLE `rating_kuliner` (
  `rating_kuliner_id` int(11) NOT NULL AUTO_INCREMENT,
  `jumlah_bintang` int(11) DEFAULT NULL,
  `date_add` timestamp NULL DEFAULT NULL,
  `wisata_kuliner_id` int(11) NOT NULL,
  `user_id` int(11) NOT NULL,
  PRIMARY KEY (`rating_kuliner_id`),
  KEY `fk_rating_kuliner_kuliner1_idx` (`wisata_kuliner_id`),
  KEY `fk_rating_kuliner_user1_idx` (`user_id`),
  CONSTRAINT `fk_rating_kuliner_kuliner1` FOREIGN KEY (`wisata_kuliner_id`) REFERENCES `wisata_kuliner` (`wisata_kuliner_id`) ON DELETE NO ACTION ON UPDATE NO ACTION,
  CONSTRAINT `fk_rating_kuliner_user1` FOREIGN KEY (`user_id`) REFERENCES `user` (`user_id`) ON DELETE NO ACTION ON UPDATE NO ACTION
) ENGINE=InnoDB AUTO_INCREMENT=6 DEFAULT CHARSET=latin1;

-- ----------------------------
-- Records of rating_kuliner
-- ----------------------------
INSERT INTO `rating_kuliner` VALUES ('1', '5', '2016-06-03 19:53:23', '4', '4');
INSERT INTO `rating_kuliner` VALUES ('2', '5', '2016-06-11 09:19:24', '4', '3');
INSERT INTO `rating_kuliner` VALUES ('3', '5', '2016-06-11 09:22:01', '5', '4');
INSERT INTO `rating_kuliner` VALUES ('4', '5', '2016-06-11 09:47:38', '8', '4');
INSERT INTO `rating_kuliner` VALUES ('5', '5', '2016-06-11 03:25:51', '7', '3');

-- ----------------------------
-- Table structure for user
-- ----------------------------
DROP TABLE IF EXISTS `user`;
CREATE TABLE `user` (
  `user_id` int(11) NOT NULL AUTO_INCREMENT,
  `nama` varchar(80) DEFAULT NULL,
  `email` varchar(80) DEFAULT NULL,
  `alamat` text,
  `username` varchar(45) DEFAULT NULL,
  `password` varchar(45) DEFAULT NULL,
  `stt` int(11) DEFAULT NULL,
  `hak_akses` varchar(45) DEFAULT NULL,
  `date_registered` timestamp NULL DEFAULT NULL,
  `fb_id` varchar(45) DEFAULT NULL,
  PRIMARY KEY (`user_id`)
) ENGINE=InnoDB AUTO_INCREMENT=5 DEFAULT CHARSET=latin1;

-- ----------------------------
-- Records of user
-- ----------------------------
INSERT INTO `user` VALUES ('1', 'Ferdhika Yudira', 'rpl4rt08@gmail.com', 'Lembang', 'ferdhika31', 'bandung0', '1', 'admin', '2016-05-10 13:07:39', null);
INSERT INTO `user` VALUES ('2', 'Omen', 'omen@polban.ac.id', 'Ciwaruga', 'omen', '123', '1', 'user', '2016-06-02 21:50:53', null);
INSERT INTO `user` VALUES ('3', 'F?r????a Y????a', '1032639550159449@dika.web.id', '', '1032639550159449', '123456', '1', 'user', '2016-06-07 03:05:54', '1032639550159449');
INSERT INTO `user` VALUES ('4', 'Fêrdhîkâ Yûdîrâ', '1020901941280204@dika.web.id', '', '1020901941280204', '123456', '1', 'user', '2016-06-08 04:52:35', '1020901941280204');

-- ----------------------------
-- Table structure for wisata_alam
-- ----------------------------
DROP TABLE IF EXISTS `wisata_alam`;
CREATE TABLE `wisata_alam` (
  `wisata_alam_id` int(11) NOT NULL AUTO_INCREMENT,
  `nama_wisata_alam` varchar(100) DEFAULT NULL,
  `cover_photo` varchar(255) DEFAULT NULL,
  `alamat_wisata_alam` text,
  `deskripsi_wisata_alam` text,
  `hari` varchar(500) DEFAULT NULL,
  `jam_buka` time DEFAULT NULL,
  `jam_tutup` time DEFAULT NULL,
  `lat` varchar(20) DEFAULT NULL,
  `long` varchar(20) DEFAULT NULL,
  `stt` int(11) DEFAULT NULL,
  `date_add` timestamp NULL DEFAULT NULL,
  `date_update` timestamp NULL DEFAULT NULL,
  `featured` varchar(10) DEFAULT NULL,
  `user_id` int(11) NOT NULL,
  PRIMARY KEY (`wisata_alam_id`),
  KEY `fk_wisata_alam_user1_idx` (`user_id`),
  CONSTRAINT `fk_wisata_alam_user1` FOREIGN KEY (`user_id`) REFERENCES `user` (`user_id`) ON DELETE NO ACTION ON UPDATE NO ACTION
) ENGINE=InnoDB AUTO_INCREMENT=50 DEFAULT CHARSET=latin1;

-- ----------------------------
-- Records of wisata_alam
-- ----------------------------
INSERT INTO `wisata_alam` VALUES ('1', 'Floating Market Lembang', 'cover/photo2.jpg', 'Jl. Grand Hotel No. 33 E Lembang Bandung Barat Jawa Barat 40391', '<p>Floating Market Lembang kini menjadi salah satu destinasi wisata utama di Lembang dan Bandung, selain menyajikan keindahan pemandangan situ/danau, floating market Lembang juga kreatif dalam mengkreasikan wahana-wahana baru yang sangat menarik minat para wisatawan, lokasi yang dekat dengan pusat kota lembang serta akses yang mudah semakin menjadikan floating market lembang tujuan utama wisatawan yang berkunjung ke Lembang.</p>\r\n<p>Area wisata<strong> Floating Market Lembang</strong>, buka setiap harinya pada pukul :</p>\r\n<ul>\r\n<li>Senin &ndash; Kamis : buka jam 09.00, tutup jam 17.00</li>\r\n<li>Jum&rsquo;at &ndash; Sabtu : buka jam 09.00, tutup jam 20.00</li>\r\n<li>Minggu: buka jam 08.00, tutup jam 20.00</li>\r\n</ul>\r\n<p align=\"LEFT\">Berikut adalah daftar tiket wisata Floating Market Lembang:</p>\r\n<h3>Tiket Masuk</h3>\r\n<ul>\r\n<li>Senin-Jum&rsquo;at : Rp.15.000</li>\r\n<li>Sabtu-Minggu : Rp.15.000</li>\r\n<li>Parkir Mobil/Motor : Rp.3000/5000</li>\r\n</ul>\r\n<h3>Fasilitas Darat</h3>\r\n<ul>\r\n<li>Taman Miniatur KA : Rp.20.000</li>\r\n<li>Lokomotif Mini : Rp.25.000</li>\r\n<li>Taman Kelinci : Rp.20.000</li>\r\n<li>Becak/Mobil Mini : Rp.20.000</li>\r\n<li>Kampung Kandang : Rp.20.000</li>\r\n<li>Outbond Anak : Rp.25.000</li>\r\n<li>Mancing Magnet : Rp.20.000</li>\r\n</ul>\r\n<h3>Wahana air</h3>\r\n<ul>\r\n<li>Kano (Canoe) Maksimal 2 Orang (150 KG). Cukup dengan Rp 50.000 / 30 menit</li>\r\n<li>Sampan (Dinghy)<br /> Dayung dayung sampan bareng keluarga yu.<br /> Maksimal 4 Orang (350 KG). Untuk mencobanya Anda cukup mengeluarkan Rp 70.000 / 30 menit.</li>\r\n<li>Sepeda Air (Water Cycle)<br /> Wahana ini pas banget buat bikin momen romantis bareng si doi. Goes-goes sepeda air, mengitari danau, pandang-pandang view cantik bakal bikin 30menit kamu jadi momen yang indah. Wahana ini dapat dinaiki maksimal 2 Orang (100 KG) Rp 50.000 / 30 menit</li>\r\n<li>Paddle Boat<br /> Maksimal 2 Orang (80 KG) Rp 30.000 / 20 menit</li>\r\n<li>Kereta Air (Train Water)<br /> Maksimal 1 Dewasa &ndash; 1 Anak / 2 Anak Maksimal (80 KG) penumpang minimal 5 orang, kereta bisa berangkat.<br /> Waktu tempuh : +- 20 Men it Harga Ticket Rp 20.000,- / Orang<br /> Untuk Tiket Kereta Air / Orang 1 Tiket</li>\r\n<li>Jasa Penyebarangan Danau<br /> Rp.1000/sebrang</li>\r\n</ul>\r\n<p>&nbsp;</p>\r\n<p>* Harga sewaktu waktu bisa berubah</p>', 'a:7:{i:0;s:5:\"senin\";i:1;s:6:\"selasa\";i:2;s:4:\"rabu\";i:3;s:5:\"kamis\";i:4;s:5:\"jumat\";i:5;s:5:\"sabtu\";i:6;s:6:\"minggu\";}', '09:00:00', '17:00:00', '-6.8195202', '107.61858', '1', '2016-03-27 00:00:00', '2016-06-06 06:18:03', '1', '1');
INSERT INTO `wisata_alam` VALUES ('3', 'Curug Cimahi – The Art Of Cimahi Rainbow Water', '3_6.jpg', 'Jl. Kolonel Masturi No.325, Kertawangi, Cisarua, Kabupaten Bandung Barat, Jawa Barat, Indonesia', '<p>Curug Cimahi Bandung - Inilah salah satu tempat wisata air terjun di bandung jawa barat yang fenomenal dengan sebutan Air Terjun Pelangi atau The Rainbow Waterfall. Ciptakan imajinasi anda dengan melihat keindahan serta pesona keindahan air terjun yang berwarna-warni, dengan gemuruh air yang jatuh ke dasar yang menciptakan sensasi yang unik dan mampu menggetarkan jiwa siapa pun yang melihatnya.</p>\r\n<p>Kesenangan serta sensasi tak sampai disitu saja,Setelah bersusah-susah ria dan banjir keringat di badan karena harus menuruni anak tangga,maka kebesesaran sang pencipta pun berupa eksotisme pemandangan yang menakjubkan itu pun sudah menyambut di depan mata anda, dari arah ketinggian air terjun setinggi 87 meter itu,anda akan terpukau melihat hempasan air terjun yang sangat kuat dan gelegar hantaman air ke dasarnya bisa terdengar sampai ratusan meter. Jatuhnya air yang diterpa angin pun menebar hawa sejuk yang akan menyegarkan ketika menyentuh permukaan kulit kita dan sungguh sensasi inilah yang paling disukai oleh pengunjung.</p>\r\n<p>Keunikan Curug Cimahi sebagai objek wisata bandung pun semakin lengkap saja dengan keberadaan satwa lindung monyet-monyet hutan yang jinak dan bersahabat. Tidak sedikit para pengunjung yang memberi makan monyet-monyet itu. Bahkan banyak pula yang berfoto bersama. Kondisi itu pun membuat pengunjung betah dan selalu ingin berlama-lama di sekitar curug.</p>\r\n<p>Itulah objek wisata Curug Cimahi, The Rainbow Waterfall si penebar pesona tiada tara. Sungguh maha karya Sang Kuasa yang pantas disyukuri oleh kita semua.</p>\r\n<p>Tiket Masuk Curug Cimahi.</p>\r\n<ul>\r\n<li>Harga Tiket Masuk Curug Cimahi adalah sebesar Rp.15.000/orang</li>\r\n</ul>\r\n<p>Fasilitas dan Akomodasi Curug Cimahi</p>\r\n<ul>\r\n<li>Shelter/pemberhentian istirahat</li>\r\n<li>Tempat Parkir</li>\r\n<li>Pintu Pagar</li>\r\n<li>Pagar Pengaman</li>\r\n<li>Peta Lokasi</li>\r\n<li>Jalan setapak</li>\r\n<li>Pikinik Site</li>\r\n<li>Bangku</li>\r\n<li>Tempat Sampah</li>\r\n<li>Pusat Informasi dan Pos Jaga</li>\r\n<li>Mushola</li>\r\n<li>Warung atau rumah makan</li>\r\n</ul>\r\n<p>&nbsp;</p>', 'a:7:{i:0;s:5:\"senin\";i:1;s:6:\"selasa\";i:2;s:4:\"rabu\";i:3;s:5:\"kamis\";i:4;s:5:\"jumat\";i:5;s:5:\"sabtu\";i:6;s:6:\"minggu\";}', '07:00:00', '21:00:00', '-6.7996881', '107.5779602', '1', '2016-05-22 10:31:58', '2016-06-07 04:49:55', '1', '1');
INSERT INTO `wisata_alam` VALUES ('4', 'Farm House Lembang Bandung', 'cover/default.jpg', 'Jl. Raya Lembang No 108 Lembang Bandung Barat, Jawa Barat Indonesia.', '<p><strong>Wisata Farmhouse Lembang Bandung</strong></p>\r\n<p>Wisata FarmHouse Lembang Bandung</p>\r\n<p>Sahabat traveler&rsquo;s, jika anda bertanya kegiatan wisata apa sih yang menarik yang bisa anda temukan dan nikmati ketika berkunjung ke farmhouse lembang bandung ini ? tentunya pertanyaan yang sangat umum bukan ? nah, untuk menjawab itu, silahkan saja anda baca terus artikel ini, karena anda dijamin akan semakin penasaran setelah membacanya, karena tempat ini benar-benar disiapkan menjadi salah satu tempat rekreasi di Bandung yang diciptakan sangat unik, eksklusif dan pastinya murah dan siap memberikan kenyamanan dan kepuasan berlibur anda.</p>\r\n<p><strong>Fasilitas Farmhouse Lembang Bandung</strong></p>\r\n<p><strong>1.Area Penukaran Susu dan Sosis</strong></p>\r\n<p>Wellcome Drink susu Lembang Gratis</p>\r\n<p>Sahabat traveler&rsquo;s, penulis bisa menilai, sebenarnya masuk ke farmhouse di lembang bandung ini adalah gratis !! kenapa demikian ? berbeda dengan objek wisata yang lainnya di kota kembang, ketika anda membeli tiket masuk ke farmhouse lembang bandung ini, maka otomatis, bukti tiket masuk yang anda dapatkan tersebut bisa anda tukarkan langsung di pintu masuk Farm house bandung ini dengan wellcome drink berupa susu murni alami dengan berbagai varian rasa yang anda sukai, serta dengan makanan kuliner berupa sosis bakar, hmmm asyik bukan ?</p>\r\n<p><strong>2.Wisata Edukasi</strong></p>\r\n<p>Fasilitas Wisata FarmHouse Lembang Bandung</p>\r\n<p>Sahabat traveler&rsquo;s, seperti telah disinggung di atas, bahwa seru dan uniknya berwisata di farmhiuse lembang bandung ini adalah adanya satu kawasan atau area yang sangat luas berupa taman dengan beberapa kandang binatang di dalamnya.Keberadaan kandang-kandang tersebut bukan tanpa alasan tentunya, karena di kandang-kandang tersebut anda bisa berinteraksi langsung, melihat bahkan menyentuh binatang seperti iguana, kelinci, burung dan yang lainnya, yang bisa anda jadikan proses pengenalan dan pendidikan anak terhadap nama-nama sejumlah binatang yang ada dan langka.</p>\r\n<p><strong>3.Taman Bersantai</strong></p>\r\n<p>Taman Bersantai Farmhouse lembang bandung</p>\r\n<p>Di Farmhouse Lembang Bandung ini pun terdapat banyak tempat-tempat duduk yang dibuat dan ditempatkan secara alami dari kayu-kayu, di bawah rindangnya pepohonan besar yang disekitarnya tertata dengan baik berbagai tanaman hias yang membuat suasana sangat asri, berudara segar.Di lokasi ini sangat pas jika anda ingin menikmati ketenangan atau sekedar duduk-duduk santai melepas lelah setelah lelah diperjalanan. Suara aneka binatang yang ada di sekitar kawasan wisata, akan semakin menambah suasana bahwa anda seperti berada di dalam sebuah kawasan wisata kebun binatang di bandung juga.</p>\r\n<p><strong>4.Wisata Kuliner</strong></p>\r\n<p>Backyard Kitchen</p>\r\n<p>Sahabat traveler&rsquo;s, merupakan sebuah kawasan wisata terpadu yang siap memanjakan seluruh pengunjung yang datang ke sana, di farmhouse lembang bandung ini pun telah difasilitasi dengan adanya tempat makan atau pusat jajanan atau kuliner yang populer dengan nama <strong>Backyard Kitchen</strong>. Dengan design ruangan yang cantik, unik berjendela kaca yang besar, memungkinkan anda menikmati sajian spesial kuliner seperti salad, steak, soto hingga minuman healty juice dan juga <a href=\"http://tempatwisatadibandung.info/tempat-ngopi-di-bandung/\">coffee </a>yang lezat dan nikmat sambil bisa melihat ke luar ruangan menghadap taman yang hijau dan indah.</p>\r\n<p><strong>5.Wisata Belanja</strong></p>\r\n<p>Wisata Belanja di Farmhouse lembang bandung</p>\r\n<p>Nah, mungkin ini adalah fasilitas wisata yang wajib anda tahu juga ketika anda berkunjung ke sini, kenapa demikian ? tidak afdol jika anda berwisata ke sebuah lokasi wisata di lembang bandung, sebelum pulang ke kota masing-masing, anda tidak menyempatkan berbelanja aneka barang atau produk yang khas seperti <a href=\"http://tempatwisatadibandung.info/oleh-oleh-bandung-murah/\">oleh-oleh khas bandung</a> yang menggambarkan objek wisata yang anda kunjungi selama liburan di kota berjuluk <a href=\"http://tempatwisatadibandung.info/paris-van-java-mall-bandung-pvj-resort-lifestyle-place/\">paris van java</a> ini bukan ? nah, di sini terdapat toko souvenir yang menawarkan aneka barang yang sangat unik, lucu-lucu bernama Peony and Pine.</p>\r\n<ol start=\"6\">\r\n<li><strong> Prewedding &amp; Wedding</strong></li>\r\n</ol>\r\n<p>Fasilitas Farmhouse Lembang Bandung</p>\r\n<p>Bagi Sahabat traveler&rsquo;s luar kota bandung yang ingin mengadakan resepsi pernikahan di tempat yang indah, unik dan eksklusif, maka farmhouse lembang bandung ini pun sangat rekomended untuk dijadikan tempat perayaan resepsi pernikahan anda. Dengan adanya restoran serta areal taman yang sangat indah, hijau dan asri sangat ideal bagi diselenggaraknnya pesta atau party di sini.Bahkan untuk sekedar foto sesi prewedding, tempat ini sangat bagus sekali.</p>\r\n<p><strong>Harga Tiket Masuk Farmhouse Lembang Bandung</strong></p>\r\n<p>Sahabat traveler&rsquo;s, untuk bisa memasuki kawasan wisata farmhouse di lembang bandung yang populer juga dengan farmhouse susu lembang, maka anda dikenakan tarif masuk sebesar <strong>Rp.20.000/orang</strong> ( Gratis wellcome drink plus Sosis bakar ).</p>\r\n<p>Sementara untuk <strong><em>harga tiket parkir di farmhouse lembang bandung</em></strong> adalah <strong>Rp.10.000</strong> untuk kendaraan roda empat ( mobil ) dan <strong>Rp.5.000</strong> untuk kendaraan roda dua ( motor ).</p>\r\n<p><strong>Harga makanan dan minuman di Farmhouse Lembang Bandung</strong></p>\r\n<p>Sahabat traveler&rsquo;s, sejumlah menu kuliner ( makanan dan minuman ) yang tersedia di restoran <strong>Backyard Kitchen</strong> dimulai dengan harga <strong>Rp.25.000</strong> hingga <strong>Rp.150.000/porsi</strong>. Sedikit mahal sih, akan tetapi saya jamin, cita rasa dan sensasi menikmati kuliner di sini akan sebanding dengan harga yang ditawarkan.</p>\r\n<p>Dan berikut adalah daftar harga beberapa jenis kuliner favorit di farmhouse lembang bandung yang wajib anda coba :</p>\r\n<ol>\r\n<li>Wagyu Taste Steak Rp.125.000/porsi</li>\r\n<li>Roast Sweet Potato Rp.15.000/porsi</li>\r\n<li>Nasi Goreng Rp.60.000/porsi</li>\r\n<li>Beetroot Salad Rp.35.000/porsi</li>\r\n<li>Beer Can Chicken Rp.150.000/porsi</li>\r\n<li>Spaghetti Aglio Olio Rp.45.000/porsi</li>\r\n<li>Healty Juice Rp.25.000/porsi</li>\r\n</ol>\r\n<p><strong>Nomer Telepon Farmhouse Lembang Bandung</strong></p>\r\n<ul>\r\n<li>Untuk informasi terbaru seperti harga tiket masuk farmhouse susu lembang, harga menu kuliner farmhouse susu lembang serta reservasi tempat, silahkan anda bisa menghubungi layanan telepon : <strong>(+62)22-82782400</strong></li>\r\n</ul>\r\n<p>&nbsp;</p>', 'a:7:{i:0;s:5:\"senin\";i:1;s:6:\"selasa\";i:2;s:4:\"rabu\";i:3;s:5:\"kamis\";i:4;s:5:\"jumat\";i:5;s:5:\"sabtu\";i:6;s:6:\"minggu\";}', '09:00:00', '21:00:00', '-6.832655', '107.5883777', '1', '2016-05-22 03:31:31', '2016-06-07 04:19:41', '1', '1');
INSERT INTO `wisata_alam` VALUES ('5', 'Burgundy Bandung - Hot Romantic Maribaya', '1.png', 'Jalan Raya Maribaya No 163 Lembang, Kabupaten Bandung Barat, Jawa Barat Indonesia', '<p><strong>Burgundy Bandung &ndash; Hot Romantic Maribaya</strong></p>\r\n<p>Nama : Burgundy Bandung<br /> Alamat : Jl. Raya Maribaya no.163. Lembang - Bandung<br /> Nomer Telepon : 6222 2787125/2787126<br /> Email : marketing@burgundy.co.id or<br /> HP/WA/Line : 0811-2288-088<br /> Fasilitas : Resto &amp; Cafe,Live Music,Cottage dll<br /> Menu : Western Food<br /> Harga : Mulai Rp.30.000<br /> Website : <a href=\"http://burgundy.co.id/\">http://burgundy.co.id/</a></p>\r\n<p><strong>Burgundy Bandung</strong></p>\r\n<p>Sahabat traveler&rsquo;s, Burgundy Bandung terletak di kawasan wisata Maribaya Lembang. Lokasinya yang berada di dataran tinggi wilayah bandung bagian barat, sangat dekat dan berada di satu jalur dengan objek wisata di bandung lainnya yang sangat terkenal seperti <a href=\"http://tempatwisatadibandung.info/gunung-tangkuban-perahu-bandung-yang-melegenda/\">Gunung Tangkuban Perahu</a>, <a href=\"http://tempatwisatadibandung.info/tempat-wisata-di-lembang-bandung-treetop-adventure/\">Bandung Treetop</a>, <a href=\"http://tempatwisatadibandung.info/pemandian-air-panas-ciater/\">pemandian air panas ciater</a> dan masih banyak yang lainnya.</p>\r\n<p>Lokasinya sangat mudah diakses dari segala arah, seperti jika anda habis jalan-jalan di sejumlah tempat wisata belanja di Dago seperti <a href=\"http://tempatwisatadibandung.info/rumah-mode-bandung-the-art-of-tradisional-factory-outlet/\">Factory Outlet Rumah Mode</a> atau menikmati santapan kuliner di daerah Ciumbuleuit seperti di <a href=\"http://tempatwisatadibandung.info/punclut-bandung-surga-wisata-kuliner-alam-ciumbuleuit/\">Punclut</a>, maka menempuh lokasinya sangat dekat dan mudah. Termasuk bagi anda wisatawan yang masuk bandung via Subang ( Keluar tol Sadang atau Cipali ).</p>\r\n<p>Sahabat traveler&rsquo;s, Burgundy Bandung merupakan objek wisata dengan pesona pemandangan alam yang indah, suasananya sangat tenang dan nyaman karena berada di kawasan pegunungan, yang pastinya akan memberikan perasaan damai bagi siapa pun pengunjung yang datang ke sini.Sehingga tidak salah jika tempat ini populer sebagai salah satu objek wisata inspired by nature.</p>\r\n<p><strong>Fasilitas Burgundy Bandung</strong></p>\r\n<p>berikut adalah beberapa fasilitas yang ada di sana.</p>\r\n<p>1.<strong>Terrace</strong>, adalah sebuah tempat semi indoor yang pas dan dikhususkan sebagai tempat utama untuk menikmati sajian menu kuliner dengan tenang sambil anda bisa menikmati keindahan pegunungan lembang yang sangat terkenal indah.</p>\r\n<p>2.<strong>Pinot Noir</strong>, adalah salah satu ruangan private yang populer dan menjadi favorit pengunjung yang ingin mendapatkan suasana yang lebih tenang tanpa terganggu dengan aktifitas tamu yang lain. Meski berada di dalam ruangan, namun masih tetap memberikan anda akses untuk menikmati keindahan di luar ruangan dengan adanya jendela yang besar dan bisa dibuka.</p>\r\n<p>Ruangan ini cukup luas diaman terdapat meja makan yang mampu menampung 8 &ndash; 10 orang, sofa panjang untuk bersantai serta beberapa kursi ( Lounge Chair ). Pinot Noir sangat pas untu keperluan jamuan rekan bisnis, keluarga besar atau bisa juga tempat yang diseting romantis untuk dijadikan tempat makan malam berdua dengan pasangan secara private.</p>\r\n<p>3.<strong>Gamay</strong>, adalah ruangan yang didesign untuk memberikan kehangatan kepada tamu dengan dekorasi ruangan yang menggabungkan warna hangat dan garis wallpaper dinding, kombinasi warna maroon namun dijamin akan menciptakan suasana nyaman. Ruangan ini lebih berkesan formal dari pinot, dan cocok untuk pertemuan bisnis dengan maksimal 12-15 orang.</p>\r\n<p>4.<strong>The Village</strong>, Area ini adalah ruang terbuka dan tempat yang pas dan sempurna untuk anda yang ingin rileksasi tubuh dan pikiran. Dengan tempat duduk di luar, anda bisa menikmati bagaimana keindahan di sekitar kawasan burgundy bandung berupa pegunungan dan hutan di maribaya lembang yang hijau dan bersuhu sejuk</p>\r\n<p>5.<strong>Chardonay Bar</strong>, inilah salah satu bar di Bandung yang siap menjamu anda dengan berbagai koleksi wine terbaik dari seluruh dunia.Rasakan sejuta sensasi tidak bisa dilukiskan, menikmati aneka rasa wine yang menyegarkan dan menghangatkan di tengah hawa dingin pegunungan, tentunya sebuah good place and good moment.</p>\r\n<p>6.<strong>Wedding</strong>, Inilah fasiltas terbaik yang bisa anda dapatkan di Burgundy. Bride and Groom adalah layanan yang akan memfasilitasi keperluan anda jika ingin melangsungkan resepsi pernikahan secara unik di kawasan alam terbuka hijau. Cara ini mungkin akan mengingatkan anda juga dengan salah satu tempat wisata alam di Lembang Bandung lainnya yang sering dijadikan tempat resepsi pernikahan sejumlah artis seperti Pine Forest Camp.</p>\r\n<p>Nah sahabat traveler&rsquo;s, itulah beberapa dari sekian banyak fasilitas yang bisa anda nikmati di Burgundy Bandung. Jadi sama menurut informasi di website burgundy dine &amp; wine, tempat ini tidak hanya untuk tempat yang enak dan pas buat wisata kuliner, nongkrong saja,tapi bisa dijadikan tempat terbaik untuk gathering dan kegiatan wisata menarik lainnya.</p>\r\n<p><strong>Nomer Telepon Burgundy Bandung</strong></p>\r\n<ul>\r\n<li>Untuk mengetahui semua informasi di burgundy seperti menu,kegiatan hingga reservasi tempat,anda bisa menghubungi nomer telepon 022-2787125/2787126</li>\r\n</ul>\r\n<p>&nbsp;</p>\r\n<p>&nbsp;</p>\r\n<p>&nbsp;</p>', 'a:7:{i:0;s:5:\"senin\";i:1;s:6:\"selasa\";i:2;s:4:\"rabu\";i:3;s:5:\"kamis\";i:4;s:5:\"jumat\";i:5;s:5:\"sabtu\";i:6;s:6:\"minggu\";}', '11:00:00', '00:00:00', '-6.8289057', '107.6442244', '1', '2016-05-24 09:41:08', '2016-06-07 04:26:56', '1', '1');
INSERT INTO `wisata_alam` VALUES ('6', 'Ciwangun Indah Camp – The Best Training Camp ', '3_5.jpg', 'JL. Kolonel. Masturi/Jl. CIC Kp. Ciwangun RT. 03 RW. 15 DS. Cihanjuang Rahayu Kec. Parongpong KAB. BANDUNG BARAT.', '<p><strong>Ciwangun indah camp</strong> (cic) adalah sebuah desa wisata yang ada di Bandung Barat dan sangat dekat alias berdampingan dengan salah satu surga wisata khas lembang yang sedang fenomenal saat ini yakni <a href=\"http://tempatwisatadibandung.info/dusun-bambu-lembang-surga-wisata-alam-pegunungan/\">Dusun Bambu</a>.Resmi dibuka tepat pada tanggal 5 september 2006,kawasan desa wisata yang memiliki luas area yang sangat luas yakni sekitar 22 hektar dan berlokasi di Kawasan Perhutani, Jalan Kolonel Masturi, Kecamatan Parompong Lembang Bandung ini,adalah digagas pertama kali oleh pendirinya H.Kosasih dan beberapa tokoh daerah sekitar, yang ingin menjadikan desa dengan kontur daerah perbukitan dan lembah yang sangat indah, sehingga memiliki banyak <a href=\"http://tempatwisatadibandung.info/curug-malela/\">air terjun</a> dan hamparan hutan lebat khas lembang seperti hutan pinus, aliran sungai yang membelah kawasan hutan dan masih banyak yang lainnya menjadi sebuah desa wisata yang refresentatif dan bisa menjadi destinasi wisata yang akan mampu memenuhi segala kenyamanan dan hiburan masyarakat atau wisatawan yang berkunjung ke sini.</p>\r\n<p>Seperti dengan tujuan diawal pertama kali dubuka, kini CIC atau <strong>Ciwangun Indah Camp</strong> telah menjelma menjadi salah satu lokasi <a href=\"http://tempatwisatadibandung.info/tebing-keraton/\">wisata alam di Bandung</a> yang sangat baik dan populer bagi wisatawan, karena telah dilengkapi sejumlah wahana permainan seperti outbound yang dijamin akan menarik bagi siapa pun,tak terkecuali anak-anak apalagi orang dewasa.Ciri</p>\r\n<p>khas atau daya tarik tersendiri dari <strong><em>Ciwangun Indah Camp Cimahi</em></strong> ini adalah selain sebagai tempat hiburan keluarga di tengah hutan khas lembang yang masih memiliki suasana alam yang tenang serta kesejukan udara yang menyegarkan khas pegunungan.</p>\r\n<p>&nbsp;</p>\r\n<p><strong>Fasilitas Wisata Ciwangun Indah Camp</strong></p>\r\n<p>Sebagai salah satu<a href=\"http://tempatwisatadibandung.info/street-gourmet-bandung/\"> objek wisata di Bandung</a> terpadu dan arealnya yang sangat luas, berikut adalah beberapa daya tarik serta nilai jual khas dari Tempat wisata Di Bandung CIC yang dijadikan fasilitas populer dan favorit bagi wisatawan yang ingin berlibur atau berwisata di obyek wisata di cimahi Bandung barat ini :</p>\r\n<p><strong>1.Hutan Pinus</strong> , Daya tarik pertama dari <strong>Ciwangun Indah Camp</strong> CIC ini adalah hamparan hutan pinus yang luas, dengan pohon yang menjulang tinggi dan memberikan suasana khas alam pegunungan yang sejuk dan juga nyaman bagi siapa pun yang memasuki dan menikmatinya.Sehingga tak salah lokasi hutan pinus ini dijadikan salah satu fasilitas wisata populer untuk kegiatan Camping dan juga lokasi Outbound dan hiking dan fun games yang menarik.Selain itu lokasi wisata CIC juga diisi oleh jenin hutan yang memiliki berbahai jenis pohon besar dan rindang yang tentunya akan memberikan sensasi petualangan alam khas Parongpong lembang bandung ini.</p>\r\n<p><strong>2.Kebun Teh</strong>, Karena lokasi Ciwangun Indah Camp ini berdampingan dengan hamparan Perkebunan teh hijau milik PTPN VIII, maka sudah bisa dipastikan bisa dinikmati oleh setiap wisatawan atau pengunjung Ciwangun Indah Camp ( CIC ). Hamparan perkebunan teh ini akan menjadi suguhan indah dan menyegarkan menemani setiap wisatawan yang akan menuju ke objek wisata lembang lainnya yaitu Curug Tilu.</p>\r\n<p><strong>3.Sungai Situ Lembang</strong>,&Acirc;&nbsp;Menyusuri tepian aliran sungai Situ Lembang ketika melakukan Hiking di Ciwangun Indah Camp akan menjadi sebuah pengalaman lain dan lain.Membelah hutan pinus dan juga perbukitan sepertinya Sungai <a href=\"http://tempatwisatadibandung.info/situ-lembang-bandung/\">Situ Lembang</a> ini menjadi sebuah daya tarik serta sajian alam yang sungguh sangat indah dan menantang untuk dinikmati pesona sepanjang jalur aliran sungai ini.Terlebih</p>\r\n<p>apabila kita melewati rute aliran sungai ini bermaksud untuk menuju ke salah satu tempat wisata di Bandung Curug Tilu, maka perjalanan hiking sekira 1 hingga 2 jam perjalanan, akan menjadi sesuatu hal yang seru, asyik dan juga tentunya menyenangkan.</p>\r\n<p><strong>4.Lembah</strong>,&Acirc;&nbsp;Karena lokasi wisata di Lembang yang satu ini memang berada di puncak ketinggian dataran tinggi lembang yang tepatnya Parompong yang berbukit-bukit, maka sudah bisa dipastikan <strong>Ciwangun Indah Camp</strong> atau CIC adalah sebuah lokasi wisata yang memiliki panorama keindahan puncak pegunungan dan sekaligus lembah yang membelah diantara bukit-bukit atau pegunungan itu.Masalah keindahannya jangan pernah ditanya seperti apa, karena akan terjawab manakala anda melakukan hiking, maka akan merasakan bagaimana sensasi kita berjalan di tepian sungai sekaligus tepian tebing tinggi menjulang yang banyak ditumbuhi pohon yang berukuran besar serta lebat, pastinya sebuah perjalanan wisata yang sangat eksklusif.</p>\r\n<p><strong>5.Danau Buatan</strong>,&Acirc;&nbsp;Untuk menambah kenyamanan wisatawan yang berkunjung ke CIC ini, pengelola sengaja membangun kolam yang lumayan berukuran cukup besar, dan dipainggir-pinggirnya lantas dibangun saung-saung yang bia digunakan untuk beristirahat atau sebagai tempat makan wisatawan atau pelancong ke berkunjung ke Ciwangun Indah Camp ini.Melepas lelas setelah melakukan perjuangan menaklukan perbukitan dan lembah yang akan menguras keringat anda keluar, akan lebih terasa asyik apabila beristirahat di saung-saung ini, kegiatan melihat peman dangan alam sekitar yang sangat indah sambil menghirup dalam-dalam udara segar lhas pegunungan tentunya akan membuat pikiran dan hati anda puas dan sehat.</p>\r\n<p><strong>6.Camping Ground</strong>,&Acirc;&nbsp;Ciwangun Indah Camp terkenal dan populer sebagai <strong><em>Training Camp</em></strong> terbaik yang ada di Bandung, dan seperti apakah CIC training Camp itu ? Yang jelas CIC adalah tempat favorit para wisatawan atau pengunjung yang menyukai tantangan tidur di alam bebas serta berani menantang dinginnya malam khas pegunungan lembang dan di sini tersedia beberapa areal terbuka terutama alam terbuka yang lokasinya persis di tengah-tengah hutan pinus yang tinggi dan lebat, dan areal perbukitan ini pun menjadi area camping ground yang akan cukup memberikan sensai luar biasa. Beberapa kampus terkemuka di Bandung sering mengadakan masa pengenalan atau orientasi mahasiswa di CIC, namun bagi anda wisatawan keluarga ,sangat Cocok juga buat camping ceria, karna fasilitas yang ditawarkan cukup lengkap.</p>\r\n<p><strong>7.Area Outbound</strong>,&Acirc;&nbsp;Karena lokasinya yang berada diantara pegunungan dan lembah, maka sudah bisa dipastikan <a href=\"http://tempatwisatadibandung.info/villa-istana-bunga-lembang-bandung-membara/\">tempat wisata di lembang</a> bandung ini sangat cocok bagi kegiatan outbound yang dijamin akan seru dan menyenangkan.Anda berani melintasi kawasan CIC dengan terbang di udara khas objek wisata di Bandung ini yaitu Flying Fox yang melintang sepanjang 70 meter hingga 250 meter panjangnya .? atau terima tantangan berjalan di atas ketinggian udara dengan menyebrangi Two Line Bridge, elvis bridhe, V bridge dengan berpindah dari satu pohon pinus ke pohon pinus yang lain ? Atau malahan anda pecinta fun games eperti spiker web, panjat dinding, hard trekking/hiking dan masih banyak lagi kegiatan outbound yang bisa dilakukan di area outbound ini.</p>\r\n<p><strong>8.Saung</strong>,&Acirc;&nbsp;Seperti penulis singgung di atas, selain ada danau buatan yang cukup refresentatif untuk menambah kenyamanan wisata anda,tak jauh dari danau ini, maka anda akan menemukan saung-saung yang diberi nama Saung Dadap, saung Puspa dan juga Saung Gadog yang mempunyai kapasitas menampung lebih kurang 100 orang di dalamnya.Bercengkrama bersama keluarga, rekan kerja atau komunitas akan baik dilakukan di sini, dimana waktu istirahat anda di sini bisa sambil menikmati sajian makanan yang anda bawa atau yang sudah dipesan di sini. sambil menikmati kesejukan kawasan serta suasana alam berupa hutan hijau lebat tentunya.</p>\r\n<p><strong>9.Aula</strong>,&Acirc;&nbsp;Sebagai salah satu <a href=\"http://tempatwisatadibandung.info/alun-alun-kota-bandung-wisata-murah-ala-urang-bandung/\">tempat wisata favorit di Bandung</a> untuk jumlah besar atau rombongan, maka <strong>Ciwangun Indah Camp</strong> juga telah difasilitasi dengan Aula yang lokasinya sangat baik dan unik serta artistik untuk dijadikan sebagai tempat resmi untuk meeting room atau bahkan acara resmi dan tidak resmi di dalam ruangan.Lumayan cukup besar karena mampu menampung lebih dari 100 orang di dalamnya.</p>\r\n<p><strong>10.Gazebo</strong>,&Acirc;&nbsp;Menyadari bahwa wisatawan yang berasal dari perkotaan ketika melakukan berbagai kegiatan wisata di Ciwangun Indah Camp Cimahi ini pastinya akan merasakan kelelahan atau kecapaian dibanding aktfitas kesehariannya di kota, maka pengelola CIC telah menyediakan banyak gazebo atau saung-saung untuk dijadikan tempat peristirahatan sementara atau shelter hiking .Gazebo ini cukup efektif digunakan untuk anda bisa menarik nafas bekal melanjutkan perjalanan dan tentunya melepas haus dan meminum minuman hingga mengganjal perut yang pastinya lapar ketika menaklukan rute hiking di CIC ini.</p>\r\n<p><strong>11.Villa</strong>,&Acirc;&nbsp;Anda betah dan merasa nyaman dengan suasana alam terbuka yang indah dan berhawa sangat sejuk khas <strong>Ciwangun Indah Camp</strong> ? dan anda ingin melapas lelah sekaligus bisa bermalam di areal wisata CIC ? jangan usah khawatir, karena CIC juga telah membangun fasilitas untuk kenyamanan anda ketika berkunjung ke sini berupa Villa.Apabila penulis pernah menuliskan daftar <a href=\"http://tempatwisatadibandung.info/penginapan-murah-di-bandung/\">343 Hotel di Bandung yang murah</a> atau bahkan <a href=\"http://tempatwisatadibandung.info/penginapan-murah-di-ciwidey-bandung/\">Penginapan Murah di Ciwidey</a> yang merupakan kawasan wisata alam khas yang sangat mirip denganciwangun sendiri,maka <a href=\"http://tempatwisatadibandung.info/\">Villa &Acirc;&nbsp;Ciwangun Indah Camp</a> ini pun bisa dijadikan area tempat menginap di Bandung khususnya bagi anda yang tengah berkunjung wisata di CIC.Ada 2 villa Dayang Sumbi yang tersedia di CIC, yaitu masing-masing Villa CIC yang berkapasitas 10 kamar tidur plus 4 kamar mandi.</p>\r\n<p><strong>12.</strong><a href=\"http://tempatwisatadibandung.info/kebun-strawberry-ciwidey/\"><strong>Kebun Strawberry</strong></a>,&Acirc;&nbsp;Alamnya yang pegunungan dan yang berhawa sejuk dan dingin, telah menjadikan kawasan di sekitar Cic ini dijadikan oleh penduduk sekitar yang tinggal di sekitar ini,untuk berprofesi sebagai petani sayuran.Selain sayuran, tanaman buah strawberry juga telah menjadi budi daya serta komoditas pertanian unggulan warga sekitar Ciwangun. Iklim dan suhu udara yang pas, yang merupakan area yang berada didataran tinggi pegunungan telah menjadikan tanaman buah strawberry tumbuh sangat baik dan subur.</p>\r\n<ol start=\"13\">\r\n<li><strong> Saung Makan</strong>,&Acirc;&nbsp;Sebagai kawasan wisata yang besar dan sangat banyak pengunjungnya, pengelola Ciwangun Indah Camp juga telah menyediakan tempat wisata kuliner nya sendiri berupa restoran saung makan yang akan memberikan kenyaman bersantap anda selama di sini.Selain menyajikan menu makanan khas jawa barat dan tentunya makanan menu lain pun tersedia, maka menikmati sajian kuliner yang lezat dan enak ini akan semakin nikmat sambil anda melihat pemandangan sekitar serta ditemani suasana hutan serta suhu udara yang sejuk sehingga membuat anda nyaman bersantap.</li>\r\n<li><strong> Masjid CIC</strong>,&Acirc;&nbsp;Keperluan tempat beribadah bagi pengunjung atau wisatawan muslim sangat diperhatikan oleh pengelola, karena selain pemiliknya adalah H. kosasih, mesjid yang berada lokasinya dekat dengan pintu masuk sangat terlihat besar.Berwudhu dengan memakai air yang berada dipegunungan akan terasa sangat dingin sekali ketika disentuhkan ke bagian tubuh wudhu anda, dan merasakan sensasi sholat di tanah tinggi pegunungan dan berada di dalam mesjid Ciwangun Indah Camp akan menjadi petualangan spiritual yang luar biasa.</li>\r\n</ol>\r\n<p><strong>15.Area Parkir</strong>,&Acirc;&nbsp;Ciwangun Indah Camp juga memiliki fasilitas tempat parkir yang cukup besar dan luas, sehingga bagi anda yang datang ke sini secara rombongan atau dalm jumlah besar, tidak perlu khawatir karena sejumlah kendaraan seperti bus besar atau bahkan truk pun bisa tertampung di objek wisata di bandung CIC ini.</p>\r\n<p><strong>Kegiatan Wisata Di Ciwangun Indah Camp</strong></p>\r\n<p>Kalau di atas tadi, penulis memberikan daftar fasilitas wisata yang bisa anda temukan dan dapatkan di <strong>Ciwangun Indah Camp</strong>, maka di bawah ini, penulis akan memberikan berbagai kegiatan wisata yang populer dan sering dilakukan di Ciwangun Indah Camp cimahi ini, seperti apakah kegiatan wisata di Ciwangun yang seru dan mengasyikan itu ?</p>\r\n<ul>\r\n<li>Kegiatan Camping</li>\r\n<li>Flying Fox ( panjang 70 &ndash; 250 meter )</li>\r\n<li>High Rope ( Two Line bridge,Elvis bridge,V bridge )</li>\r\n<li>Team Building</li>\r\n<li>Hiking</li>\r\n<li>Ice breaking</li>\r\n<li>Paint Ball</li>\r\n<li>Spider Web</li>\r\n<li>Rock &amp; Wall Climbing</li>\r\n<li>Soft &amp; Hard Trekking</li>\r\n<li>Berkuda</li>\r\n<li>ATV</li>\r\n<li>Dan masih banyak Fun Games lainnya</li>\r\n</ul>\r\n<p><strong>Harga Tiket Masuk Ciwangun Indah Camp</strong></p>\r\n<p>Sebagai salah satu <a href=\"http://tempatwisatadibandung.info/10-wisata-bandung-terpopuler/\">Tempat Wisata Di Bandung yang murah</a> namun tidak murahan, CIC memberikan harga tiket Ciwangun Indah Camp yang sangat terjangkau dan relatif murah, berapakah <a href=\"http://tempatwisatadibandung.info/tiket-masuk-tangkuban-perahu-terbaru-2015/\">harga tiket masuk tempat wisata di Bandung</a> Ciwangun Indah Camp Cimahi ini ?</p>\r\n<ul>\r\n<li>Senin &ndash; Minggu = Rp.7.000/ orang</li>\r\n</ul>\r\n<p><strong>Harga Tiket Parkir di Ciwangun Indah Camp</strong></p>\r\n<p>Sementara untuk tarif atau tiket parkiran dari CIC adalah sebagai berikut :</p>\r\n<ul>\r\n<li>Roda Dua/ motor = Rp.1.000</li>\r\n<li>Roda Empat/ mobil = Rp.2.000</li>\r\n</ul>\r\n<p><strong>Alamat ciwangun indah camp</strong></p>\r\n<ul>\r\n<li>JL. Kolonel. Masturi/Jl. CIC Kp. Ciwangun RT. 03 RW. 15 DS. Cihanjuang Rahayu Kec. Parongpong KAB. BANDUNG BARAT.</li>\r\n</ul>\r\n<p><strong>Nomer Telepon Ciwangun Indah Camp</strong></p>\r\n<ul>\r\n<li>Untuk keperluan reservasi dan juga informasi terbaru tentang tiket masuk ciwangun indah camp atau harga tarif villa ciwangun indah camp dan yang lainnya, silahkan hubungi nomor telpon di <strong>(022) 61005867</strong></li>\r\n</ul>\r\n<p><strong>Website Resmi Ciwangun Indah Camp</strong></p>\r\n<ul>\r\n<li>www,ciwangunindahcamp.com</li>\r\n</ul>\r\n<p>&nbsp;</p>', 'a:7:{i:0;s:5:\"senin\";i:1;s:6:\"selasa\";i:2;s:4:\"rabu\";i:3;s:5:\"kamis\";i:4;s:5:\"jumat\";i:5;s:5:\"sabtu\";i:6;s:6:\"minggu\";}', '00:00:00', '00:00:00', '-6.792923', '107.5782094', '1', '2016-05-24 09:47:47', '2016-06-07 04:28:04', '1', '1');
INSERT INTO `wisata_alam` VALUES ('8', 'Curug Bubrug', '1_4.jpg', 'Jl.Kolonel Masturi,Kertawangi Cisarua Lembang', '<p>Nama : Curug Bugbrug<br /> Alamat : Jl.Kolonel Masturi,Kertawangi Cisarua Lembang<br /> No Telp : -<br /> Jam Buka : Setiap Hari, 24 jam<br /> Tiket Masuk : Rp.7.500<br /> Fasilitas : Saung,Mushola &amp; Kamar Mandi</p>\r\n<p><strong>Wisata Alam Curug Bugbrug</strong></p>\r\n<p>Sahabat traveler&rsquo;s, lokasinya yang berada di tengah hutan kawasan wisata lembang, menjadikan tempat ini sangat cocok bagi anda wisatawan khususnya asal perkotaan seperti jakarta yang ingin mencari suasana alam yang akan memberikan rasa tenang dan nyaman. dan curug bugbrug bisa dijadikan salah satu<a href=\"http://tempatwisatadibandung.info/tempat-rekreasi-di-bandung-hot-recomendation/\"> tempat rekreasi di bandung</a> yang tepat untuk dijadikan tempat refreshing sekaligus relaksasi tubuh dan pikiran dari beban hidup keseharian. Dimulai dari perjalanan wisata menuju curug, kemudian setelah tiba, mata anda akan disuguhi pemandangan nan indah berupa pesona jatuhnya air dari ketinggian curug ke bawah yang menimbulkan benturan keras yang menggetarkan jiwa, hempasan kabut air dingin yang terlempar ke udara akibat benturan yang menyentuh kulit anda, benar-benar akan menjadi sensasi sekaligus obat alami penyejuk mata dan ketenangan hati.</p>\r\n<p>Belum cukup puas dengan itu, anda pun bisa bermain-main air di bawah curug, di mana di situ terdapat kolam penampungan air terjun yang airnya cukup dingin dan sangat jernih khas air pegunungan. Namun, perlu diperhatikan juga, bahwa setiap pengunjung tidak disarankan untuk berenang di lokasi kolam tersebut, karena meskipun terlihat menantang, konon pusaran air yang ada di tengahnya cukup kuat dan bisa membahayakan pengunjung yang berenang. Nah sahabat, tapi ada satu kegiatan yang wajib anda jangan lewatkan di sini untuk dicoba, jika memang anda tidak diperkenankan untuk berenang di sini, yaitu berfoto-foto ria mengambil gambar di sekitar objek wisata curug bugbrug ini. Tempatnya cukup eksotis untuk bidikan kamera anda, terutama di bagian sisi sebelah timur yang ada batu-batu besar, kemudian tepat di depan curug dimana ada jalan titian kayu dan bambu.</p>\r\n<p><strong>Fasilitas Wisata Curug Bugbrug</strong></p>\r\n<p>Sahabat traveler&rsquo;s, untuk saat ini fasilitas wisata yang bisa menunjang kenyamanan para pengunjung yang datang ke sana belum lengkap seperti objek wisata lainnya yang sudah terkenal dan menjadi destinasi favorit wisatawan. Tapi sebenarnya, bagi anda yang yang benar-benar pecinta alam sejati, keadaan fasilitas yang masih terbatas dan sederhana, justru akan semakin menambah sensasi bahwa kita sedang berada di tempat yang belum terjamah banyak orang alias masih alami. Untuk masalah fasilitas, di sekitar curug bugbrug, terutama di sisi sebelah barat terdapat beberapa saung sederhana yang bisa anda manfaatkan untuk anda bersantai menikmati keindahan alam sekitar curug dari arah sebelah atas. Selain itu ada sebuah tempat beribadah yaitu mushola serta kamar mandi yang sederhana juga, namun akan cukup sedikit memberi kenyamanan anda. Untuk masalah tempat makan, di lokasi ini masih belum terdapat warung atau kedai-kedai dari para pedagang yang biasanya di tempat wisata lain di bandung selalu ada. Jadi, jika anda mau berkunjung ke sini, membawa perbekalan makanan dan minuman yang secukupnya adalah hal wajib yang harus anda perhatikan.</p>\r\n<p><strong>Alamat Curug Bugbrug</strong></p>\r\n<ul>\r\n<li>Jalan Kolonel Masturi, Desa kertawangi, Kecamatan Cisarua, Lembang kabupaten Bandung Barat.</li>\r\n</ul>\r\n<p><strong>Nomer Telepon Curug Bugbrug</strong></p>\r\n<ul>\r\n<li>Sehubungan tempat wisata alam di lembang bandung ini masih dalam tahap pengembangan baik sarana dan prasarananya, jadi untuk mendapatkan informasi terbaru atau apa pun yang anda butuhkan, saat ini belum bisa dilakukan melalui nomer telepon.</li>\r\n</ul>\r\n<p><strong>Jam Buka Curug Bugbrug</strong></p>\r\n<ul>\r\n<li>Untuk waktu kunjungan wisata ke sini, sebenarnya tidak ada batasan waktu alias 24 jam pun buka jika mau, namun waktu yang populer biasanya wisatawan datang berkunjung ke sini adalah mulai pukul 09.00 &ndash; 16.00 WIB.</li>\r\n</ul>\r\n<p><strong>Harga Tiket Masuk Curug Bugbrug</strong></p>\r\n<ul>\r\n<li>Tiket masuk ke Curug Bugbrug belum ada harga yang resmi, namun jika anda berkunjung ke sini, siapkan saja uang untuk itu sekitar <strong>Rp.7.500</strong>, dan siapkan juga uang untuk tiket kendaraan anda, motor <strong>Rp.2.000</strong> sementara Mobil adalah <strong>Rp.5.000</strong></li>\r\n</ul>\r\n<p>&nbsp;</p>', 'a:7:{i:0;s:5:\"senin\";i:1;s:6:\"selasa\";i:2;s:4:\"rabu\";i:3;s:5:\"kamis\";i:4;s:5:\"jumat\";i:5;s:5:\"sabtu\";i:6;s:6:\"minggu\";}', '00:00:00', '00:00:00', '-6.7921079', '107.5779399', '1', '2016-05-31 09:04:56', '2016-06-07 04:55:36', '1', '1');
INSERT INTO `wisata_alam` VALUES ('9', 'Curug Tilu Leuwi Opat', '2_8.jpg', 'Jl. CIwangun Indah Camp,Cihanjuang Rahayu,Parongpong,Kabupaten Bandung Barat, Jawa Barat, Indonesia', '<p>Curug yang populer juga dengan sebutan <strong><em>Curug Tilu Leuwi opat</em></strong> ( Leuwi kacapi, leuwi baeud,leuwi bagong ) lokasinya berada di desa Cihanjuang Rahayu Parongpong Lembang Bandung barat.salah satu <a href=\"http://tempatwisatadibandung.info/curug-malela/\">tempat wisata air terjun di Bandung</a> yang menarik dan wajib nda kunjungi ketika sekalian berlibur ke berbagai wisata di Lembang ini,telah ditemukan atau dibuka sejak tahun 1996,dan dikembangkan sebagai salah satu destinasi Tempat Wisata Di Bandung untuk umum dan komersil sejak tahun 2006 silam.</p>\r\n<p>Salah satu tempat wisata di bandung yang baru ini sejak pembukaannya telah mampu menjadi salah satu kawasan wisata favorit warga bandung dan sekitarnya sebagai objek wisata keluarga di bandung yang murah meriah, yang diyakini mampu memberikan rasa ketenangan dan kenyamanan karena keindahan alam nya yang begitu indah serta gemericik suara air terjun yang mampu menenangkan suasana di sekitar kawasan <strong>curug tilu</strong>.</p>\r\n<p>Selain kegiatan wisata khas alam lembang di atas yang bisa anda dapatkan di Curug Tilu leuwi opat , lokasi wisata yang berbatasan langsung dengan hutan pinus sekitar areal Ciwangun Indah Camp pun dilewati oleh aliran sungai yang menuju <a href=\"http://tempatwisatadibandung.info/curug-cinulang/\">Curug Cimahi</a> dari hulu Danau <a href=\"http://tempatwisatadibandung.info/situ-lembang-bandung/\">situ Lembang</a>.</p>\r\n<p>Dengan luas kawasan 5 Hektar anda anda dapat dengan bebas menikmati area hijau dan asri di lokasi ini, sehingga tidak salah apabila kawasan wisata curug tilu ini menjadi tempat favorit bagi kegiatan-kegiatan wisata lainnya yang eksklusif.</p>\r\n<p>Berikut adalah kegiatan wisata yang bisa wisatawan dapatkan ketika berkunjung ke Curug Tilu :</p>\r\n<ul>\r\n<li>Lokasi Camping</li>\r\n<li>Lokasi Outbound</li>\r\n<li>Lokasi Funs Game Paint Ball</li>\r\n<li>Lokasi Rappeling</li>\r\n<li>Lokasi Panjat</li>\r\n<li>Lokasi Arung Jeram</li>\r\n<li>Lokasi Belajar tentang Alam dan Gunung Api Purba</li>\r\n<li>Lokasi Belajar tentang Apotek Hidup</li>\r\n<li>Lokasi Modeling Desa Wisata Siaga Bencana Patahan Lembang</li>\r\n<li>Lokasi Pusat Komunitas Relawan Mitigasi bencana Indonesia.</li>\r\n<li>Lokasi latihan Pembentukan watak bangsa.</li>\r\n</ul>\r\n<p><strong>Alamat Curug Tilu Leuwi opat Bandung</strong></p>\r\n<ul>\r\n<li>Terletak di Kampung Ciwangun, Desa Cihanjuang Rahayu, Kecamatan Parangpong, Kabupaten Bandung Barat, Propinsi Jawa Barat.</li>\r\n</ul>\r\n<p><strong>Tiket Masuk Curug Tilu Leuwi Opat Bandung</strong></p>\r\n<p>Sebagai salah satu <a href=\"http://tempatwisatadibandung.info/street-gourmet-bandung/\">Tempat wisata baru di bandung</a> barat tepatnya Parongpong lembang ini yang murah ini,memberlakukan <strong><em>harga tiket masuk Curug Tilu</em></strong> adalah sebagai berikut</p>\r\n<ul>\r\n<li>Senin &ndash; Minggu = Rp.7.000/ orang</li>\r\n</ul>\r\n<p><strong>Tarif parkir Curug Tilu</strong></p>\r\n<p>Berikut adalah harga tiket parkir Curug Tilu Leuwi opat Cimahi :</p>\r\n<ul>\r\n<li>Roda Dua/ Motor = Rp.2.000</li>\r\n<li>Roda Empat/Mobil = Rp.3.000</li>\r\n</ul>\r\n<p>&nbsp;</p>', 'a:7:{i:0;s:5:\"senin\";i:1;s:6:\"selasa\";i:2;s:4:\"rabu\";i:3;s:5:\"kamis\";i:4;s:5:\"jumat\";i:5;s:5:\"sabtu\";i:6;s:6:\"minggu\";}', '06:00:00', '18:00:00', '-6.7905692', '107.5804447', '1', '2016-05-31 09:08:03', '2016-06-07 04:59:01', '1', '1');
INSERT INTO `wisata_alam` VALUES ('10', 'Maribaya Bandung – Natural Hot Spring Resort', '1_11.jpg', 'Langensari,Lembang,Kabupaten Bandung Barat, Jawa Barat,Indonesia', '<p>Alamat :Jalan Maribaya No 105-212, Lembang Bandung<br /> Nomer Telepon :022-2000190<br /> Jam Buka :08.00 - 20.00 WIB<br /> Tiket Masuk :Rp.35.000<br /> Fasilitas :Kolam Renang,Restoran,Cafe,Permainan dll</p>\r\n<p><strong>Maribaya Bandung</strong></p>\r\n<p>Maribaya Natural Hot Spring Resort Water Fall</p>\r\n<p>Sahabat Traveler&rsquo;s,<a href=\"https://id.wikipedia.org/wiki/Curug_Maribaya\"> Maribaya</a>&Acirc;&nbsp;adalah salah satu lokasi tempat wisata di utara kota Bandung dengan luas area hampir 6 Hektar, tepatnya berada di sebelah timur kawasan Wisata Lembang. Kawasan ini sejak pertama kali diketemukan lebih populer karena adanya pemandian air panasnya, akan tetapi selain daripada itu, Maribaya pun terkenal wisatanya karena kawasan alamnya yang masih sangat alami, ditumbuhi pepohonan besar nan hijau dan asri serta berada di dalam kawasan wisata <a href=\"http://tempatwisatadibandung.info/dago-pakar-bandung-nuansa-alam-yang-eksotis/\">Dago pakar</a> atau Taman Hutan Raya Djuanda.</p>\r\n<p>Sahabat traveler&rsquo;s, setelah bebarapa waktu lamanya tempat wisata yang cukup populer dengan wisata air terjun dan pemandian air panasnya ini sempat ditutup dari kunjungan wisatawan karena sedang dilakukan pemugaran atau renovasi, namun sejak bulan Juli 2015 yang lalu, tempat ini pun sudah mulai dibuka lagi untuk umum.</p>\r\n<p>Dengan konsep wisata yang baru, baik dari tampilan maupun layanan, maka tempat ini pun sekarang bernama Maribaya Natural Hot Spring Resort, dan inilah wajah dan pesona baru wisata air terjun <strong>Maribaya Bandung</strong>.</p>\r\n<p><strong>Fasilitas Maribaya Bandung</strong></p>\r\n<p>&nbsp;</p>\r\n<p>Diantara fasilitas wisata yang terdapat di Maribaya antara lain adalah panggung hiburan, penyewaan kuda tunggang, toko atau kios souvenir dan tanaman hias khas lembang yang bisa anda jadikan atau bawa pulang ke kota masing-masing sebagai <a href=\"http://tempatwisatadibandung.info/oleh-oleh-bandung-murah/\">oleh-oleh khas bandung</a>, aula untuk pertemuan, tempat beribadah seperti mushola. Dan berikut daftar fasilitas wisata di Maribaya Lembang selengkapnya yang terbaru.</p>\r\n<ul>\r\n<li>Food Court Langlang Buana</li>\r\n<li>Kolam tangkap ikan Talaga Giri</li>\r\n<li>Kolam pancing talaga giri</li>\r\n<li>Area barbeque Saung Iteung</li>\r\n<li>Kolam ikan air dingin</li>\r\n<li>Kolam rendam kaki air panas</li>\r\n<li>Kolam rendam air panas alam</li>\r\n<li>Twig cafe dengan kapasitas 250 orang</li>\r\n<li>Yoga hill swargaloka</li>\r\n<li>Kolam rendam VIP Tirta Sawarna</li>\r\n<li>Kamar rendam Tirta Raga</li>\r\n<li>Amphitheatre Bale Pinton</li>\r\n<li>Sky Bridge di area Bale Pinton</li>\r\n<li>Area bermain anak</li>\r\n<li>Kios sayur dan buah</li>\r\n<li>Parkir</li>\r\n<li>Toilet</li>\r\n<li>Mushola</li>\r\n</ul>\r\n<p><strong>Harga Tiket Masuk Maribaya Bandung</strong></p>\r\n<p>Untuk tiket masuk di Maribaya ada beberapa jenis tiket yang harus anda beli dan disesuaikan dengan kebutuhan, mulai dari tiket masuk kawasan Maribaya Natural Hot Spring Resort hingga tiket masuk ke objek wisata yang ada di dalamnya seperti Foot Spa dan kolam pemandian air panas. Dan berikut adalah daftar harga tiket masuk di Maribaya dan berlaku untuk pengunjung di atas 3 tahun.</p>\r\n<ol>\r\n<li>Tiket Masuk Rp.35.000</li>\r\n<li>Foot Spa Rp.30.000</li>\r\n<li>Deluxe Pool Rp.75.000</li>\r\n<li>Vip Pool Rp.150.000</li>\r\n</ol>\r\n<p><strong>Alamat Mraibaya Bandung</strong></p>\r\n<ul>\r\n<li>Tempat wisata Maribaya lokasinya berada 5 KM dari pasar Lembang dan 20 KM dari arah kota Bandung, tepatnya beralamat di Jalan Maribaya No 105-212, Lembang Bandung Barat, Jawa Barat Indonesia</li>\r\n</ul>\r\n<p><strong>Nomer Telepon Maribaya Bandung</strong></p>\r\n<ul>\r\n<li>Untuk informasi terbaru kegiatan acara, harga tiket masuk hingga reservasi, silahkan anda hubungi nomer telepon Maribaya Natural Hot Spring Resort di (022)2000190 Fax (022)2004440</li>\r\n</ul>\r\n<p><strong>Jam Buka Maribaya Bandung</strong></p>\r\n<p>Berdasarkan informasi terbaru per tanggal 12 November 2015, Maribaya Natural Hot Spring Resort hanya buka di hari-hari sebagai berikut :</p>\r\n<ul>\r\n<li>Jum&rsquo;at/Sabtu/Minggu, Mulai jam 08.00 &ndash; 20.00 WIB</li>\r\n<li>Libur Nasional, mulai jam 08.00 &ndash; 20.00 WIB</li>\r\n</ul>\r\n<p>&nbsp;</p>', 'a:7:{i:0;s:5:\"senin\";i:1;s:6:\"selasa\";i:2;s:4:\"rabu\";i:3;s:5:\"kamis\";i:4;s:5:\"jumat\";i:5;s:5:\"sabtu\";i:6;s:6:\"minggu\";}', '08:00:00', '20:00:00', '-6.8303388', '107.6526824', '1', '2016-05-31 09:15:03', '2016-06-07 05:00:26', '1', '1');
INSERT INTO `wisata_alam` VALUES ('11', 'Gunung Batu Lembang', '5_5.jpg', 'Desa Pagerwangi, Kecamatan Lembang Bandung BaratÂ Indonesia', '<p>Gunung Batu Lembang &ndash; Suasana Hening dan keindahan saat Sunrise di Gunung Batu Lembang</p>\r\n<p>Sahabat, seperti namanya salah satu gunung di lembang bandung yang sangat indah ini merupakan gunung yang sebagian besar permukaan arealnya didominasi bebatuan dengan ukuran sangat besar yang berada di puncaknya.Nah, Karena permukaan gunungnya yang didominasi dengan bebatuan besar inilah yang kemudian menyebabkan hampir tidak ada pohon yang tumbuh di pucak gunung ini, hanya onggokan rumput serta ilalang yang tumbuh di puncak gunung batu ini. Berdasarkan data ilmiah, <strong>Gunung Batu Lembang</strong> ini diprediksi terbentuk dari aliran lava karena akibat letusan dari <a href=\"http://tempatwisatadibandung.info/gua-pawon/\">Gunung Sunda purba</a> yang meletus sekitar 500.000 tahun yang silam.</p>\r\n<p>Sahabat traveller&rsquo;s, Gunung Batu Lembang memiliki ketinggian kurang lebih 1250 meter di atas permukaan air, dari lokasi puncaknya anda bisa menyaksikan landscape Bandung yang dikelilingi pegunungan yang sangat luar biasa indah, seperti Gunung Burangrang, Gunung Tangkuban Parahu, dan Gunung Putri yang berada di utara dan jika kamu melihat ke arah timur maka kamu akan melihat Gunung Bukittunggul &amp; Gunung Palasari.Selain</p>\r\n<p>itu juga, apabila anda bermalam alias<a href=\"http://tempatwisatadibandung.info/ciwangun-indah-camp/\"> camping</a> di sini, maka dapat menikmati pemandangan sunrise yang mengagumkan di waktu subuh, semburat cahaya matahari pagi berpadu indah dengan pemandangan gunung bukit tunggul di bagian timur, sementara dibagian barat kita dapat menikmati keindahan Gunung Burangrang.</p>\r\n<p><strong>Alamat Gunung Batu Lembang</strong></p>\r\n<p>Alamat Gunung Batu Lembang ini adalah terletak di <strong>Desa Pagerwangi, Kecamatan Lembang Bandung Barat</strong>&Acirc;&nbsp;Indonesia, dan untuk menemukan dan sampai ke lokasi salah satu <a href=\"http://tempatwisatadibandung.info/street-gourmet-bandung/\">tempat wisata yang menarik di bandung</a> ini, silahkan anda teruskan membaca di bawah ini, yaitu rute jalan menuju ke gunung batu lembang.</p>\r\n<p><strong>Tiket Masuk Gunung Batu Lembang</strong></p>\r\n<p>Sahabat Traveller&rsquo;s, inilah menurut pandangan kang dian penulis blog <strong>info wisata kota kembang</strong>, salah satu <a href=\"http://tempatwisatadibandung.info/tempat-wisata-belanja-di-bandung-pasar-baru/\">tempat wisata di bandung yang murah meriah</a> namun menyimpan banyak pesona yang tidak akan anda temukan di kota besar lainnya.Karena objek wisata alam Gunung Batu ini belum dikelola secara formal oleh pemkab bandung barat bahkan swasta,maka sudah bisa dipastikan bahwa harga tiket masuk ke gunung batu lembang bandung barat ini adalah GRATIS.!! asyik kan ? bukan lagi murah tapi anda ga perlu bayar apa pun , kecuali tentunya ongkos transportasi, akomodasi dan biaya lainnya yang diperlukan untuk kenyamanan wisata anda di gunung batu lembang ini.</p>\r\n<p>&nbsp;</p>', 'a:7:{i:0;s:5:\"senin\";i:1;s:6:\"selasa\";i:2;s:4:\"rabu\";i:3;s:5:\"kamis\";i:4;s:5:\"jumat\";i:5;s:5:\"sabtu\";i:6;s:6:\"minggu\";}', '00:00:00', '00:00:00', '-6.8303385', '107.6373132', '1', '2016-05-31 09:18:16', '2016-06-07 05:01:20', '1', '1');
INSERT INTO `wisata_alam` VALUES ('12', 'Gunung Putri Lembang', '4_4.jpg', 'Jalan Tangkuban Perahu KM. 16-17, Cibogo, Lembang, Bandung Barat, Jawa Barat, Indonesia', '<p>Sahabat Traveller&rsquo;s, <strong>Gunung Putri</strong> adalah merupakan salah satu Tempat wisata alam di lembang yang berupa sebuah bukit yang arealnya banyak ditumbuhi dengan rumput dan pohon kecil lainnya yang di tengahnya terdapat sebuah tugu yang populer dengan <strong>Tugu Sespim</strong>. Salah satu Tempat yang menurut penulis sangat asyik ini memang belum terlalu ramai dan populer seperti bukit di bandung lainnya yang sudah populer terlebih dahulu seperti <a href=\"http://tempatwisatadibandung.info/bukit-bintang-bandung/\">bukit bintang</a>, <a href=\"http://tempatwisatadibandung.info/caringin-tilu/\">Cartil</a> atau bahkan<a href=\"http://tempatwisatadibandung.info/tebing-keraton/\"> tebing keraton</a>, apalagi apabila dibandingkan dengan tempat wisata gunung di bandung yang sudah melegenda sekelas Gunung Tangkuban Parahu.</p>\r\n<p>Sahabat traveller&rsquo;s, perlu dicatat bahwa bagi para pendaki gunung atau penggila hiking yang ingin merasakan pengalaman baru sekaligus berbeda, maka gunung putri Lembang inilah merupakan pilihan tepat.</p>\r\n<p>Tempat ini juga amat cocok bagi para pendaki pemula karena <strong>trek gunung putri lembang</strong> relatif bisa dijadikan latihan.Selain bisa menikmati udara yang fresh khas pegunungan, sejauh mata kita memandang akan dimanjakan dengan eksotisme view kota Bandung yang tampak dari indah dari ketinggian, terlebih pada waktu malam hari, karena gemerlap lampu-lampu kota terhampar dengan sangat indah di depan mata.</p>\r\n<p><strong>Alamat Gunung Putri Lembang</strong></p>\r\n<ul>\r\n<li>Anda pernah mendengar <a href=\"http://tempatwisatadibandung.info/taman-bunga-cihideung-lembang-bandung/\">kebun bunga cihideung lembang</a> yang terkenal itu ? nah lokasi dari gunung putri ini ada di daerah Cihideung Lembang Bandung, jadi apabila anda mau datang ke sini, akan sangat mudah menemukannya.</li>\r\n</ul>\r\n<p><strong>Harga Tiket Masuk Gunung Putri Lembang</strong></p>\r\n<ul>\r\n<li>Inilah salah satu tempat wisata di Bandung yang murah, hanya cukup mengeluarkan uang sebesar Rp.5.000/orang, anda sudah bisa menikmati eksotisme suasana dan keadaan sekitar gunung putri yang dijamin anda bisa betah berlama-lama di sini, apalagi di waktu malam.</li>\r\n</ul>\r\n<p>&nbsp;</p>', 'a:7:{i:0;s:5:\"senin\";i:1;s:6:\"selasa\";i:2;s:4:\"rabu\";i:3;s:5:\"kamis\";i:4;s:5:\"jumat\";i:5;s:5:\"sabtu\";i:6;s:6:\"minggu\";}', '00:00:00', '00:00:00', '-6.7955554', '107.6270571', '1', '2016-05-31 09:25:44', '2016-06-07 05:03:10', '1', '1');
INSERT INTO `wisata_alam` VALUES ('13', 'Salian Art Space – Wisata Baru Lembang Bandung', '5_6.jpg', '•	Jalan Sersan Bajuri No 86 KM 3,8, Lembang Bandung Barat Indonesia.', '<p>Salian Art Space</p>\r\n<p>Sahabat traveler&rsquo;s, ada hal lain yang bisa anda lakukan jika anda sedang liburan di kawasan<a href=\"http://tempatwisatadibandung.info/wisata-di-lembang/\"> wisata Lembang</a> yang memang telah menjadi destinasi favorit wisatawan yang berkunjung ke kota kembang, seperti makan di pusat wisata kuliner lembang seperti <a href=\"http://tempatwisatadibandung.info/dusun-bambu-lembang-surga-wisata-alam-pegunungan/\">Dusun Bambu Leisure Park</a> atau <a href=\"http://tempatwisatadibandung.info/floating-market-lembang/\">Floating Market</a>, kini anda bisa menikmati sajian wisata seni dan budaya yang akan lebih memberi sensasi wisata lain dari yang lain yaitu menghargai seni dan budaya seperti di <strong>Salian Art space</strong> Lembang Bandung.</p>\r\n<p>Salian Galeri seperti yang penulis dapatkan dari situs resminya (<a href=\"http://salian.co.id/\"> salian.co.id </a>) adalah merupakan sebuah tempat atau ruang seni yang berdiri di akhir tahun 12014. Tujuan didirikan salian art space adalah sebagai tempat yang diharapkan mampu memberikan sinergi antara seni dengan berbagai disiplin ilmu lainnya, sehingga dapat menambah pengetahuan, pengalaman serta tantangan bagi para pelaku kreatif untuk bisa tetap eksis di masyarakat dengan kreasi seninya.</p>\r\n<p>&nbsp;</p>\r\n<p>Salian Art Space</p>\r\n<p>Jika anda datang pertama kali ke sini, maka anda akan mendapati sebuah tempat wisata yang benar-benar dibangun dengan design atau konsep yang matang. Model bangunannya sangat artistik bernilai seni tinggi, karena tidak salah jika yang membangun Galeri seni Salian bandung ini didesign oleh arsitektur berpengalaman untuk merancang bangunan dan design areanya.</p>\r\n<p>Mungkin bisa penulis jelaskan sedikit, hal unik pertama kali yang akan membuat anda takjub ketika datang ke salian art space lembang bandung ini adalah pintu masuknya jika diperhatikan atau dilihat dari berbagai sudut pendangan, maka akan berubah-rubah, penasaran bukan dengan keunikannya ?</p>\r\n<p><strong>Alamat Salian Art Space&Acirc;&nbsp;</strong></p>\r\n<ul>\r\n<li>Jalan Sersan Bajuri No 86 KM 3,8, Lembang Bandung Barat Indonesia.</li>\r\n</ul>\r\n<p><strong>Nomer Telepon Salian Art Space&Acirc;&nbsp;</strong></p>\r\n<ul>\r\n<li>Untuk mendapatkan informasi berbagai kegiatan seni dan pameran anda bisa menghubungi nomer telepon salian art space di (022) 88880277</li>\r\n</ul>\r\n<p><strong>Jam Buka Salian Art Space&Acirc;&nbsp;</strong></p>\r\n<ul>\r\n<li>Jam buka setiap hari, senin -minggu, 08.00 &ndash; 17.00 WIB</li>\r\n</ul>\r\n<p><strong>Tiket Masuk Salian Art Space&Acirc;&nbsp;</strong></p>\r\n<ul>\r\n<li>Untuk informasi harga tiket masuk salian art space bandung terbaru, silahkan anda hubungi nomer telepon di atas.</li>\r\n</ul>\r\n<p>&nbsp;</p>', 'a:7:{i:0;s:5:\"senin\";i:1;s:6:\"selasa\";i:2;s:4:\"rabu\";i:3;s:5:\"kamis\";i:4;s:5:\"jumat\";i:5;s:5:\"sabtu\";i:6;s:6:\"minggu\";}', '08:00:00', '17:00:00', '-6.8237573', '107.5955583', '1', '2016-05-31 09:28:10', '2016-06-07 05:04:13', '1', '1');
INSERT INTO `wisata_alam` VALUES ('14', 'Pine Forest Camp Lembang Bandung ', '2.jpeg', 'Jalan Maribaya Timur, Kampung Cibeunying Kaler, Cibodas, Kecamatan Lembang, Kabupaten Bandung Barat, Jawa Barat Indonesia.', '<p>Sahabat traveler&rsquo;s, ada banyak kegiatan menarik yang bisa anda lakukan jika berkunjung ke Pine Forest Camp di maribaya Lembang ini. salah satu kegiatan wisata yang Sesuai dengan tema pine Forest Camp, exclusive camping ground, maka obyek wisata di bandung ini pun menawarkan cara camping yang eksklusive dan penuh sensasional tentunya, yaitu peserta campingnya tidak boleh kurang dari 50 orang dan hanya berada di dalam satu group saja, sehingga sangat cocok untuk kegiatan bersama keluarga besar, organisasi apalagi perusahaan.</p>\r\n<p>Selain sebagai salah satu lokasi wisata terbaik untuk bermalam di alam bebas yang tentunya berbeda sekali kesan dan suasana yang didapat dengan menginap di sejumlah hotel di lembang bandung yang sangat banyak dan tentunya sudah biasa anda lakukan, camping ground di bandung ini pun sangat cocok bagi anda yang gemar dengan kegiatan jepret-jepret kamera foto alias fotografer maupun penyuka foto selfie, karena tempatnya banyak memiliki spot yang indah dan eksotis.</p>\r\n<p><strong><u>Daftar Objek wisata di Pine Forest Camp Lembang</u></strong></p>\r\n<ul>\r\n<li>Exclusive Camping</li>\r\n<li>Family Gathering/Company Gathering</li>\r\n<li>Team Building/Outbound Training</li>\r\n<li>Outdoor Party and Games</li>\r\n<li>High Rope Course &amp; Flying fox</li>\r\n<li>Paintball war simulations games</li>\r\n</ul>\r\n<p><strong>Fasilitas Pine Forest Camp Lembang</strong></p>\r\n<p>Nah sahabat traveler&rsquo;s, di samping sejumlah kegiatan wisata menarik yang bisa anda lakukan di Pine Forest Camp di atas, sejumlah fasilitas wisata di sini juga terbilang sangat lengkap dan memadai, tentunya dengan tujuan supaya semua pengunjung yang datang ke sini akan merasa nyaman dan betah tinggal berlama-lama di sini. Dan berikut adalah beberapa fasilitas wisata yang ada di Pine Forest Camp.</p>\r\n<ul>\r\n<li>Tempat bermalam indoor berupa Villa ( 2 unit )</li>\r\n<li>Aula terbuka</li>\r\n<li>Tempat Ibadah ( Mushola )</li>\r\n<li>Air Bersih</li>\r\n<li>Kamar mandi umum</li>\r\n<li>Gazebo</li>\r\n<li>Area Api Unggun</li>\r\n<li>Jalur Tracking</li>\r\n<li>Kolam Aktifitas</li>\r\n<li>Dll.</li>\r\n</ul>\r\n<p><strong>Paket dan Tarif Pine Forest Camp Lembang Terbaru</strong></p>\r\n<p>Sahabat traveler&rsquo;s, jika anda tertarik untuk menikmati sensasi wisata alam yang eksklusif di tengah alam yang dijamin eksotis dan romantis di kawasan wisata Maribaya Lembang ini, berikut adalah pilihan paket wisata beserta dengan harga atau tarif sewa di Pine Forest Camp.</p>\r\n<ol>\r\n<li><strong>Paket Exclusive Camping</strong>, dengan harga tarif Rp.150.000/orang permalam, paket wisata camping ini memiliki kapasitas antara 40 &ndash; 250 orang. Dengan tarif tersebut anda sudah mendapatkan wellcome drink, tenda dome exclusive, sleeping bag, matras spoon, gazeboo, kursi lipat, plus berbagai peralatan permainan tradisional ( tarik tambang, bakiak, egrang ) dan juga MCK, air bersih ( Tidak termasuk makan dan acara )</li>\r\n<li><strong>Villa Country House</strong>, dengan harga atau tarif sewa Rp.4.000.000/malam, anda bisa sewa secara bersama-sama untuk kapasitas maksimal antara 24 &ndash; 50 orang, jika da tambahan ( extra person+bed rp.75.000/orang ).Di paket ini anda akan mendapatkan fasilitas wellcome drink, fasiltas tidur ( 2 Kamar tidur + upstair hall dengan 20 matras tebal ), dapur, family room, sofa, Tv plus karaoke set, 3 Kamar mandi/toilet plus water heater, gazebo, kursi lipat dan masih banyak yang lainnya.</li>\r\n<li><strong>Camping Ground</strong> ( Entrance fee ), ada beberapa paket, yaitu dengan harga tarif sewa Rp.3.000.000/hari dengan kapasitas maksimal 100 orang, serta dengan tarif sewa Rp.5.000.000/ malam untuk 100 orang</li>\r\n</ol>\r\n<p>Untuk informasi selengkapnya jenis paket terbaru dengan harga tarif sewa di <strong>Pine Forest Camp Lembang</strong>, silahkan anda kunjungi website resminya di sini : <a href=\"http://www.pineforestcamp.web.id/pfc_paket.html\">www.pineforestcamp.web.id</a></p>\r\n<p>&nbsp;</p>\r\n<p><strong>Alamat Pine Forest Camp Lembang</strong></p>\r\n<ul>\r\n<li>Jalan Maribaya Timur, Kampung Cibeunying Kaler, Cibodas, Kecamatan Lembang, Kabupaten Bandung Barat, Jawa Barat Indonesia.</li>\r\n</ul>\r\n<p><strong>Nomer Telepon Pine Forest Camp Lembang</strong></p>\r\n<ul>\r\n<li>Untuk informasi terbaru harga tiket masuk ke Pine Forest Camp, kegiatan wisata terkini serta reservasi tempat, silahkan anda hubungi nomer telepon 0812-2329-685</li>\r\n</ul>\r\n<p><strong>Jam Buka Pine Forest Camp Lembang</strong></p>\r\n<ul>\r\n<li>Buka setiap hari, senin &ndash; minggu, 24 jam.</li>\r\n</ul>\r\n<p><strong>Tiket Masuk Pine Forest Camp Lembang</strong></p>\r\n<ul>\r\n<li>Harga tiket masuk ke lokasi kawasan wisata camping Pine Forest Camp adalah gratis !! anda hanya perlu membayar jika sudah memilih jenis paket wisata di sini.</li>\r\n</ul>\r\n<p>&nbsp;</p>', 'a:7:{i:0;s:5:\"senin\";i:1;s:6:\"selasa\";i:2;s:4:\"rabu\";i:3;s:5:\"kamis\";i:4;s:5:\"jumat\";i:5;s:5:\"sabtu\";i:6;s:6:\"minggu\";}', '00:00:00', '00:00:00', '-6.817864', '107.6817593', '1', '2016-05-31 09:30:38', '2016-06-07 05:05:03', '1', '1');
INSERT INTO `wisata_alam` VALUES ('15', 'NuArt Sculpture Park ', '2_9.jpg', 'Jl. Setraduta Raya No L 6,Ciwaruga,Bandung,Bandung CityParongpong, West Java, Indonesia', '<p>Nama : NuArt Sculpture Park<br /> Pemilik : I Nyoman Nuarta<br /> Alamat : Jl.Stra Duta Kencana II/11 Bandung<br /> Nomer Telepon : 022-2017812<br /> Tiket Masuk : Gratis<br /> Fasilitas : Sculpture Park,Gallery,N Cafe,Cottage dll<br /> Website : <a href=\"http://www.nuarta.com/\">www.nuarta.com</a></p>\r\n<p><strong><u>Nuart Sculpture Park</u></strong> &ndash; Ingin menikmati liburan dengan cara unik dan berbeda ketika mengunjungi <a href=\"http://tempatwisatadibandung.info/grafika-cikole-lembang-tebar-pesona-bumi-parahyangan/\">Tempat Wisata Di Bandung</a> yang menarik ? Pasti anda akan bingung menjawabnya bukan ? karena begitu banyaknya objek wisata yang cukup unik dan seru yang bisa anda kunjungi ketika liburan di Bandung. Tapi, maukah saya tunjukan sebuah tempat wisata yang sangat spesial berupa sebuah museum galeri seni yang sangat luar biasa eksotis dan saya jamin anda akan terperangah dan dibuat kagum melihatnya ? Ya, inilah <strong>Nuart Sculpture Park Lembang Bandung</strong>.</p>\r\n<p>Halo sahabat traveler&rsquo;s, jumpa lagi dengan saya penulis blog informasi <a href=\"http://tempatwisatadibandung.info/\">Wisata Bandung</a> yang pada tulisan ini akan mengupas salah satu tempat wisata yang menarik di Lembang tepatnya berlokasi di Jalan Sentra Duta Kencana II/11, yaitu sebuah museum galeri seni patung dan lukisan karya atau buah tangan kreatif seorang maestro kelahiran Tabanan Bali indonesia yang sudah sangat mendunia, karena karya-karyanya yang sangat begitu artisitik dan fenomenal, siapa lagi kalau bukan <strong>Nyoman Nuarta</strong>. Masih ingat dengan karya sang Maestro yang fenomenal <strong>Patung Garuda Wisnu Kencana</strong> ?</p>\r\n<p>Sahabat traveler&rsquo;s, bagi anda yang menyukai dunia seni, &Acirc;&nbsp;seperti seni patung dan &Acirc;&nbsp;lukisan atau bagi anda yang bukan penikmat dunia seni pun, &Acirc;&nbsp;saya sangat merekomendasikan anda untuk mengunjungi <strong>Nuart Sculpture Park</strong>&Acirc;&nbsp;. Kenapa demikian ? karena selain anda akan melihat langsung dan mengenal lebih dekat karya-karya bernilai seni yang sangat tinggi dari seorang Mestro dunia asal bali Nyoman Nuarta, juga anda bisa menyaksikan pameran serta diskusi semua kerya seni di sini, karena museum Nuart Bandung ini pun merupakan tempat berkumpulnya para seniman, kurator, penikmat seni bahkan hingga desiner &Acirc;&nbsp;dengan karya-karya seninya yang hebat.</p>\r\n<p>Nah jadi sahabat tempat yang bernama Nuart Sculpture Park ini benar-benar diciptakan atau dibangun selain sebagai nantinya sebagai museum pribadi koleksi karya-karya spektakuler dari sang maestro nyoman nuarta, juga ditujukan sebagai tempat atau wadah ekspresi sejumlah seniman lainnya yang tidak hanya dri lokal bandung, akan tetapi dari seluruh indonesia hingga dunia bisa menyimpan atau sekedar memamerkan hasil karya seni terbaiknya di gallery seni milik Nyoman Nuarta di Bandung .</p>\r\n<p>Sahabat Traveler&rsquo;s, di bagian outdoor ( Sculpture Park ), pertama kali anda memasuki kawasan wisata museum galeri seni nyoman nuarta di bandung ini, maka anda akan langsung disuguhi beraneka ragam karya seni patung yang tampak indah dan sangat dalam mengandung filosofi. Dengan berkeliling jalan-jalan di sekitar bagian outdoor atau halaman luar Nuart Biulding ini, maka anda akan melihat sejumlah karya seni patung artistik seperti patung dengan nama &rdquo; <strong>Waiting</strong> &ldquo;, patung kuda dengan wajah wanita di punggungnya, patung &rdquo; <strong>Man anda cosmos</strong> &ldquo;, patung <strong>Nightmare</strong>, <strong>Fire Horse</strong> dan juga <strong>Trap</strong> serta yang lainnya.</p>\r\n<p><strong>Fasilitas Nuart Sculpture Park</strong></p>\r\n<p><strong>1.Sculpture Park.</strong></p>\r\n<p>Seperti yang sudah dijelaskan di atas adalah bagian museum yang terdapat di sekitar bangunan galeri seni, yang lokasinya adalah di halaman luar dan di sana banyak sekali karya seni patung da sang Maestro dunia Nyoman Nuarta yang terparkir di luar gedung yang bisa anda lihat.</p>\r\n<p><strong>2.Gallery Nuart Buliding</strong></p>\r\n<p>Lokasinya berda di dalam ruangan galeri Nuart.Dengan luas hampir 1000 meter persegi, di dalamnya terdapat 2 lantai.Lantai 1 digunakan sebagai ruang pameran atau artwork dari sang pemilik yaitu Nyoman Nuarta, sementara lantai ke 2 digunakan atau disewakan kepada seniman lainnya untuk pameran atau eksebisi karya-karya seni mereka.</p>\r\n<p><strong>3.Nesti</strong></p>\r\n<p>N Cafe yang menawarkan aneka kuliner seperti makanan khas bali seperti balinese bebek crispy or crispy duck dan nasi campur.Lokasinya berada di pusat kawasan wisata sculpture park yang akan menawarkan pengalaman berkuliner ria.</p>\r\n<p>Saran saya, untuk bisa menikmati sajian kuliner khas nuart yang buka setiap hari, senin &ndash; jum&rsquo;at ( 09.00 &ndash; 18.00 wib ) Sabtu &ndash; Minggu ( 11.00 &ndash; 22.00 Wib ), anda sebaiknya melakukan reservasi terlebih dahulu di nomer telepon <strong>022-2017815</strong></p>\r\n<p><strong>4.Craft Boutique.</strong></p>\r\n<p>Di sini anda bisa membeli miniatur karya-karya patung nyoman nuarta, serta karya patung lainnya dari seniman,designer dan pengrajin lokal dan internasional. Anda juga bisa membeli buku nyoman nuarta yang ditulis oleh maestro indonesia lainnya jim supangkat.</p>\r\n<p>Yang menariknya anda pun bisa menjual barang-barang seni anda ke craft boutique Nuart dengan menghubungi nomer telepon 022-2020414/2017812/2017816, atu fax 022-2015362.Jam kerja buka setiap hari, mulai pukul 09.00 hingga 18.00 Wib.</p>\r\n<p><strong>5.Workshop</strong></p>\r\n<p>Sahabat, lokasinya berada di paling bawah kawasan nuart dekat dengan sungai. Tempat ini adalah lokasi ruang kerja pribadi nyoman nuarta yang akan dibuka untuk umum hanya setiap akhir pekan sabtu dan minggu dengan diantar pemandu wisata. Di sini anda bisa melihat bagaimana sang maestro dibantu asistennya membuat karya-karya patungnya ( masterpiece )</p>\r\n<p>Di tempat Workshop ini juga, pengunjung bisa berpartisipasi membuat karya-karya seni mulai dari membuat patung, mewarnai,membuat seni grafik, membatik dan masih banyak yang lainnya. Mau lebih serius, dengan minimal 3 peserta anda bisa mengikuti kursus sungkat yang akan diajarkan oleh ahli berpengalaman nuart yang dibuka setiap harinya.</p>\r\n<p>Oh iya sahabat traveler&rsquo;s, bagi anda yang tertarik untuk melihat kegiatan dari dekat sang maestro di dalam bekerja membuat karya-karya seni yang luar biasa, anda harus terlebih dahulu reservasi dan menghubungi tour guide di gedung Nuart.Untuk anda yang tertarik mengikuti program kursus singkat di Nuart Sculpture park, anda bisa menghubungi kontak public relation dan koordinator guide di nomer telepon 022-2020414/2017812/2017816 atau fax 022-2015362</p>\r\n<p><strong>6.Event</strong></p>\r\n<p>Sahabat traveler&rsquo;s, ada kabar baiknya, bagi anda yang tertarik mengedakan berbagai kegiatan acara dengan tamu undangan yang banyak seperti untuk acara pernikahan, pertemuan hingga garthering, Tv show, pertunjukan langsung atau yang lainnya, anda bisa menyewa bagian taman di Nuart Sculpture park. N cafe dan ruang gallery nya juga disewakan jika ada customer yang memerlukan untuk keperluan sebuah acara.</p>\r\n<p>Luas area seluruh kawasan Nuart sendiri bisa menampung tidak kurang dari 1.500 tamu. Sementara untuk area parkirnya yang terletak baik di dalam kawasan nuart dan sepanjang pintu masuk jalan Setra Duta sangat aman dan leluasa. Dan untuk urusan izin mengadakan berbagai acara yang melibatkan orang banyak, staff dari nuart akan membantu mengurusnya.</p>\r\n<p>Untuk anda yang mau merencanakan acara-acara sepeti pesta di nuart, silahkan hubungi kontak bagian marketing dan juga koordinator acara di nomer telepon 022-2020414/2017812/2017816 atau fax 022-2015362</p>\r\n<p><strong>7.The Serviced Apartment</strong></p>\r\n<p>Nah, untuk tempat peristirahatan jika anda mau bermalam di dalam kawasan Nuart Sculpture park, anda sepertinya harus cukup bersabar untuk menahannya terlebih dahulu, karena proyeknya masih dalam pengembangan dan pembangunan. yang jelas dengan adanya Nuart Boutique Cottage nanti, maka akan segera hadir salah satu <a href=\"http://tempatwisatadibandung.info/penginapan-murah-di-ciwidey-bandung/\">tempat penginapan di bandung</a> yang artistik yang wajib anda jajal dan singgahi.</p>\r\n<p><strong>Tiket Masuk Nuart Sculpture Park</strong></p>\r\n<p>Sahabat traveler&rsquo;s, untuk bisa menikmati sajian berbagai karya seni patung di tempat yang cukup luas dan teduh ini anda tidak dipungut biaya atau tiket masuk apa pun, All free alias gratis !! terkecuali bagi anda yang mau makan di N Cafe atau mau ikut kursus singkat, maka anda harus bayar dulu ya.</p>\r\n<p><strong>Alamat Nuart Sculpture Park</strong></p>\r\n<ul>\r\n<li>Jalan Sutra Duta Kencana II/11, Bandung Jawa Barat Indonesia 40151</li>\r\n</ul>\r\n<p><strong>Jam Buka Nuart Sculpture Park</strong></p>\r\n<ul>\r\n<li>Senin &ndash; Jum&rsquo;at : 09.00 &ndash; 18.00 WIB</li>\r\n<li>Sabtu &ndash; Minggu : 11.00 &ndash; 22.00 WIB</li>\r\n</ul>\r\n<p>&nbsp;</p>', 'a:7:{i:0;s:5:\"senin\";i:1;s:6:\"selasa\";i:2;s:4:\"rabu\";i:3;s:5:\"kamis\";i:4;s:5:\"jumat\";i:5;s:5:\"sabtu\";i:6;s:6:\"minggu\";}', '09:00:00', '22:00:00', '-6.8768993', '107.5702232', '1', '2016-05-31 09:36:48', '2016-06-07 05:06:24', '1', '1');
INSERT INTO `wisata_alam` VALUES ('16', 'Taman Begonia Lembang – Bandung Lautan Bunga', 'cover/default.jpg', ' Jalan Maribaya No. 120A, Lembang,Ledeng,Bandung Barat,Kota BandungCidadap, Jawa Barat, Indonesia', '<p>Alamat : Jl.Maribaya No 120 A Lembang<br /> Nomer Telepon : 022-2788527/08122200202<br /> Tiket Masuk : Rp.10.000<br /> Jam Buka : 08.00 - 17.00 WIB<br /> Harga Bunga : Mulai Rp.20.000<br /> Fasilitas : Cafe &amp; Resto,Outbound,Taman dll</p>\r\n<p><strong><u>Taman Begonia Lembang</u></strong> &ndash; Bandung eksistensinya sebagai Kota Kembang dan Paris Van Java,kembali lagi dibuktikan dengan hadirnya Tempat Wisata Di Bandung yang sangat begitu fenomenal,Taman Begonia Lembang !! sebuah kawasan Taman Bunga yang berlokasi di Bandung Barat,tepatnya Lembang ini sudah berhasil mencuri<br /> perhatian masyarakat luas baik warga Bandung sendiri maupun wisatawan luar yang sengaja datang ke sini hanya untuk melihat keindahan serta keunikan sebuah &rdquo; Surga Bunga Bumi Parahyangan&rdquo;.</p>\r\n<p>Populer dan menjadi <a href=\"http://tempatwisatadibandung.info/dusun-bambu-lembang-surga-wisata-alam-pegunungan/\">Tempat Wisata di Lembang</a> terfavorit yang menjadi buruan wisatawan,Daya tarik Taman Begonia Lembang ini ternyata tak hanya didominasi penikmat aneka bunga dengan segala keindahannya seperti umumnya yaitu wanita atau kaum ibu-ibu,akan tetapi ternyata Taman Begonia di lembang ini dengan segala nilai jual dan magic nya yang luar biasa telah mampu merubah paradigma,bahwa keindahan bunga-bunga di taman ini telah memancing semua orang,baik pria atau wanita,kecil atau dewasa serta muda dan tua,untuk datang sekaligus menikmati aneka keindahan pesona bunga di tengah kawasan perbukitan Lembang yang terkenal asri dan&Acirc;&nbsp;berhawa sangat sejuk.</p>\r\n<p>Nah,dalam tulisan kali ini,akan kita coba bedah seperti apa Taman Begonia Lembang ini dan bagaimana <a href=\"http://tempatwisatadibandung.info/taman-bunga-cihideung-lembang-bandung/\">Wisata Di Lembang</a> ini mampu menjadi sangat begitu populer dan fenomenal bagi para user atau pengguna di salah satu media social yang lagi nge-hits beberapa waktu terakhir ini,yaitu Instagram,setelah beberapa penampakan foto-<br /> foto berupa foto hamparan warna-warni bunga begonia yang menawan dan menggoda serta aksi foto selfie dengan background lokasi kawasan taman Begonia yang luar biasa eksotis dan indahnya yang diunggah ke situs jejaring sosial tersebut.</p>\r\n<p>&nbsp;</p>\r\n<p><strong>Taman Begonia Lembang</strong></p>\r\n<p>Taman Bunga di Bandung dengan nama lengkap Taman Begonia Glory di Lembang ini merupakan sebuah kawasan yang didirikan dengan salah satu tujuannya adalah memperkaya khasanah Florikultura Indonesia,oleh karenanya dibuatlah suatu kawasan taman bunga yang dilengkapi dengan aneka macam bunga-bunga taman seperti Bunga Celosia, Melampodium, Bunga Impatiens, Bunga Salvia, Bunga Geranium, dan masih banyak jenis bunga lainnya.</p>\r\n<p>Diberi nama Taman Begonia karena di Taman Bunga yang ada di dataran tinggi Lembang ini didominasi oleh salah satu komoditas unggulan dan primadona taman ini yaitu <a href=\"http://tempatwisatadibandung.info/taman-begonia-lembang/\">Bunga Balinea</a>. Balinea sendiri adalah merupakan kepanjangan dari Bunga Begonia yang berasal dari salah satu daerah yang terkenal juga dengan dunia pariwisatanya,yaitu Bali.</p>\r\n<p>Apa yang menjadikan bunga Balinea sangat begitu terkenal dan fenomenal bagi para pecinta dan penikmatnya sih ?</p>\r\n<p>Balinea adalah bunga Begonia Bali yang tampilan penampilan bentuk dan warnanya sangat indah dan cantik sekali.Bunga Begonia apabila dibandingkan dengan jenis atau aneka tanaman bunga yang lain pada umumnya yang sudah kita kenal adalah,bunga balinea ini bisa tumbuh baik untuk kawasan dataran tinggi maupun rendah,bisa tumbuh lebat di sepanjang musim, sangat tahan cuaca ekstrim baik musim penghujan ataupun panas, serta diyakini sangat mudah dalam pemeliharaannya. Tanaman Bunga Balinea ini pun bisa ditanam di berbagai kontur tanah serta berbagai penempatan tanaman seperti ditanam di kebun, pekarangan rumah, jalan perumahan, hotel, dan taman kota, dengan media baik untuk di pot, balkon, maupun di tanah langsung.</p>\r\n<p><strong>Wisata Taman Begonia Lembang</strong></p>\r\n<p>Taman Begonia Lembang berada di ketinggian 1200 Mdpl.Dirancang</p>\r\n<p>sebagai tempat budidaya aneka tanaman bunga sekaligus sekaligus sebagai kawasan wisata alam hijau,maka beragam fasilitas pun dibangun di sini sehingga bisa mengakomodasi semua aspek kenyamanan berwisata pengunjung atau wisatawan di tempat ini, seperti berbagai areal taman bunga yang menghampar indah, kebun-kebun yang ditanami oleh berbagai macam sayuran, dan salah satu fasilitas eksklusif di kawasan ini yaitu caf&Atilde;&copy; yang memiliki menu makanan yang sayang untuk dilewatkan.Sambil makan dan minum anda serta wisatawan yang lainnya akan bisa menikmati udara pegunungan yang segar dan pemandangan taman bunga yang indah.</p>\r\n<p>Tidak hanya itu, sebagai kawasan wisata alam terpadu di Lembang, di Taman Begonia pun pengunjung/wisatawan diberi cara berwisata yang unik dan asyik, yaitu anda diperbolehkan memetik buah-buahan tanaman sendiri di areal khusus perkebunan yang ada di sekitar taman Begonia ini.Serunya nih,Sayuran yang sudah dipetik dikebun tadi bisa anda langsung makan di tempat,atau juga dibawa yang kemudian dimasak ditempat yang disediakan oleh pengelola taman.Sayuran yang ditanam di areal perkebunan Taman Begonia Lembang ini di antaranya adalah cabe, jagung, terong ungu, tomat ceri, terong putih, kaktus, brokoli, dan tanaman sayuran lainnya khas dataran tinggi pegunungan di Lembang.</p>\r\n<p><strong>Wisata Outbound Taman Begonia Lembang</strong></p>\r\n<p>Seperti yang sudah dijelaskan penulis sebelumnya,sebagai sebuah kawasan wisata alam terpadu taman bunga, Berwisata di Taman Begonia Lembang ini,para pelancong atau wisatawan tidak hanya disuguhi keindahan aneka tanaman bunga dan keindahan alam khas bumi Parahyangan yang luar biasa indah saja,akan tetapi ada juga fasilitas keren lain yang bisa dinikmati oleh pengunjung yang datang ke sini. Ya, sebuah fasilitas hiburan yang dijamin akan bisa mengendurkan urat syaraf serta beban pikiran tentunya,yaitu Fasilitas berupa kegiatan outbound khas Taman Begonia dengan konsep &acirc;&euro;&oelig;Fun Treasure Hunt&acirc;&euro;. Outbond ala Taman Begonia ini meliputi, puzzle treasure, secret passage, pi&Atilde;&plusmn;ata, dan farm trekking.</p>\r\n<p><strong>Harga Tiket Masuk Taman Begonia Lembang</strong></p>\r\n<ul>\r\n<li>Semua fasilitas keindahan Taman Begonia Lembang dan wisata outbound bisa dinikmati hanya cukup membayar biaya masuk Taman Bunga Begonia sebesar Rp 10.000/orang. Tapi khusus Untuk para pengunjung yang membawa kamera jingjing profesional dengan resolusi tinggi seperti DSLR, maka ada biaya masuk tambahan sebesar Rp 50.000.</li>\r\n</ul>\r\n<p><strong>Harga Bunga Taman Begonia Lembang</strong></p>\r\n<ul>\r\n<li>Wisatawan apabila tertarik dan ingin membawa pulang bunga khas Balinea ini bisa membeli dengan harga mulai dari Rp 20.000.</li>\r\n</ul>\r\n<p><strong>Jam buka Taman Begonia Lembang</strong></p>\r\n<ul>\r\n<li>Kebun bunga begonia ini buka tiap hari dari jam 8&nbsp; sampai jam 5 sore.</li>\r\n</ul>\r\n<p><strong>Alamat Taman Begonia Lembang</strong></p>\r\n<ul>\r\n<li>Jalan Maribaya No. 120 A, Lembang &ndash; Bandung, Jawa Barat, Indonesia.<br /> Telepon:+62 22 2788-527 &ndash; HP:+62 812-220-0202 &ndash; E-mail: info@kebunbegonia.com</li>\r\n</ul>\r\n<p>&nbsp;</p>', 'a:7:{i:0;s:5:\"senin\";i:1;s:6:\"selasa\";i:2;s:4:\"rabu\";i:3;s:5:\"kamis\";i:4;s:5:\"jumat\";i:5;s:5:\"sabtu\";i:6;s:6:\"minggu\";}', '08:00:00', '17:00:00', '-6.825979', '107.6361482', '1', '2016-05-31 09:39:29', '2016-06-07 04:53:13', '1', '1');
INSERT INTO `wisata_alam` VALUES ('17', 'The Lodge Maribaya – The Secret Escafe to Nature', 'cover/default.jpg', '    Jalan Maribaya Timur Km 6 Kampung Kosambi, Cibodas, Kecamatan Lembang, Kabupaten Bandung Barat Jawa Barat', '<p>Nama : The Lodge Maribaya Escape to nature<br /> Alamat : Jl.Maribaya Timur Km 6,Cibodas Lembang<br /> Nomer Telepon : 022-2536110<br /> Jam Buka : Sabtu-Minggu, 10.00-17.00 WIB<br /> Tiket Masuk : Rp.15.000 &amp; Rp.20.000<br /> Fasilitas : Cafe &amp; Resto,Camping Ground,Outbound dll<br /> website : <a href=\"http://www.thelodgemaribaya.com/\">www.thelodgemaribaya.com</a></p>\r\n<p><strong>The Lodge Maribaya</strong></p>\r\n<p>Sahabat traveler&rsquo;s, The Lodge Eartbound Adventure Park adalah merupakan kawasan wisata yang memiliki luas areal tidak kurang hampir 3 hektar. Lokasinya yang berada di Lereng perbukitan <a href=\"http://tempatwisatadibandung.info/maribaya-bandung-natural-hot-spring-resort/\">Maribaya Bandung</a> dengan ketinggian hampir 2.080 mdpl,dikelilingi oleh kawasan hutan Pinus yang masih sangat alami dan hijau serta hilir sungai Cibodas Lembang, menjadikan kawasan wisata The Lodge Maribaya ini memiliki karakteristik daerah dengan suasana pegunungan yang sangat sejuk, tenang dan nyaman, dengan suhu kawasan antara 17 hingga 27 derajat celcius.</p>\r\n<p>The Lodge Lembang ini didirikan atau dibuka sejak tahun 2010 yang silam. Meskipun masih sebagai tempat wisata di Bandung barat yang relatif baru, akan tetapi tempat yang mempunyai nama bisnis The Lodge Eartbound ini telah menyediakan sarana dan prasarana sebuah kawasan wisata modern namun tetap menjaga naturalis yang lengkap seperti fasilitas penginapan, outbound, leadership training, berkuda dan masih banyak kegiatan outdoor seru lainnya.</p>\r\n<p>Sahabat traveler&rsquo;s, jika anda berkunjung ke sana, maka anda bisa menyaksikan bahwa area The Lodge Maribaya Lembang ini dibagi ke dalam beberapa area yang akan menjamin kenyamanan setiap pengunjung untuk betah berlama-lama tinggal di sana, seperti ada area Camping Ground, Restoran, Area permainan serta tentunya Penginapan. Bahkan bagi anda yang mengaku pecinta alam, area camping ground The Lodge mampu menampung tidak kurang 250 orang.</p>\r\n<p>So, dengan adanya tempat penginapan sekaligus kawasan wisatanya yang sudah dilengkapi fasilitas yang lengkap dan areanya yang luas dengan pesona keindahan dan pemandangan alam khas pegunungan berhawa sejuk, anda yang mau liburan ke bandung namun tidak memasukan The Lodge Eartbound Adventure Park &amp; Resort sebagai tujuan refreshing anda, maka dijamin akan menyesal.</p>\r\n<p><strong>Fasilitas The Lodge Maribaya</strong></p>\r\n<p>Sahabat traveler&rsquo;s, jika di atas saya sudah memberikan anda penjelasan kegiatan atau aktifitas wisata seru apa saja yang bisa anda lakukan di sana, maka berikut ini adalah Fasilitas umum yang tersedia di The Lodge Maribaya yang bisa anda temukan dan nikmati.</p>\r\n<p><strong>Camping Ground The Lodge Eartbound Adventure Park</strong></p>\r\n<p>The Lodge Eartbound Adventure Park &amp; Resort menawarkan akomodasi tenda untuk camping. Dengan model tenda yang dirancang khusus khas the lodge, maka anda akan merasakan sensasi bermalam yang luar biasa dan berbeda dari tempat-tempat camping yang pernah anda singgahi.</p>\r\n<p><strong>Resto &amp; Cafe&Acirc;&nbsp;The Lodge Eartbound Adventure Park</strong></p>\r\n<p>Seperti yang dijelaskan di atas, di sini menyediakan 2 fasilitas tempat wisata kuliner yang bisa berfungsi ganda yaitu sebagai tempat nongkrong &amp; Hang out setiap pengunjung yang datang ke sana. Kombinasi yang sangat tepat, dimana ada resto yang bernama <strong>Restoran Dapur Hawu</strong> yang menawarkan kuliner tradisional khas sunda, serta sejak 2016 ada<strong> The Pines Cafe</strong> yang menawarkan sensasi wisata kuliner dengan sajian menu kuliner baik dalam maupun luar negeri.</p>\r\n<p><strong>Team Building</strong></p>\r\n<p>Salah satu The Lodge Bandung ini juga telah menyiapkan segala fasilitas yang akan bisa digunakan untuk tempat latihan membangun kerjasama tim work antara sesama karyaman atau pegawai ataupun pegawai dengan pimpinan di berbagai departemen di perusahaan, baik swasta maupun negeri.</p>\r\n<p><strong>Wedding at The Lodge Eartbound Adventure Park</strong></p>\r\n<p>Dengan pesona keindahan panorama pemandangan alam khas pegunungan, seperti lembah dan hutan yang sangat menawan, menjadi sebuah tempat yang sangat ideal penuh kenyamanan yang jarak lokasinya dengan kota bandung tidak terlalu jauh. Sehingga dengan itu, the lodge menwarkan fasilitas eksklusif bagi siapa pun yang ingin melangsungkan resepsi pernihannya di sini. The Lodge menjamin bahwa lokasinya diklaim sebagai salah satu tempat pernikahan yang paling romantis di kota bandung.</p>\r\n<p><strong>Harga Tiket Masuk The Lodge Maribaya</strong></p>\r\n<p>Nah, bagi anda yang mau menikmati keindahan pemandangan serta kesejukan The Lodge, ada 2 jenis tiket masuk yang bisa anda pilih, sebelum anda mengeluarkan isi dompet anda, yaitu tiket masuk bisa atau reguler Rp.15.000, sementara ada juga tiket masuk the lodge maribaya plus Voucer makan yaitu Rp.20.000, sehingga tiketnya nanti bisa ditukar dengan makanan yang tersedia di resto dapur hawu.</p>\r\n<ul>\r\n<li>Tiket Masuk Reguler Rp.15.000</li>\r\n<li>Tiket Masuk Plus Voucher Makan Rp.20.000</li>\r\n</ul>\r\n<p><strong>Alamat The Lodge Maribaya</strong></p>\r\n<ul>\r\n<li>Jalan Maribaya Timur Km 6 Kampung Kosambi, Cibodas, Kecamatan Lembang, Kabupaten Bandung Barat Jawa Barat</li>\r\n</ul>\r\n<p><strong>Nomer Telepon The Lodge Maribaya</strong></p>\r\n<ul>\r\n<li>Untuk informasi harga tiket masuk terbaru, menu kuliner dan informasi penting lainnya, anda bisa menghubungi nomer telepon 022-2536110</li>\r\n</ul>\r\n<p><strong>Jam Buka The Lodge Maribaya</strong></p>\r\n<ul>\r\n<li>Jam operasional atau buka The Lodge hanya setiap hari akhir pekan yaitu Sabtu dan Minggu, mulai pukul 10.00 &ndash; 17.00 WIB</li>\r\n</ul>\r\n<p>&nbsp;</p>', 'a:2:{i:0;s:5:\"sabtu\";i:1;s:6:\"minggu\";}', '08:00:00', '17:00:00', '-6.8290622', '107.6859342', '1', '2016-05-31 09:41:31', '2016-06-07 04:53:28', '1', '1');
INSERT INTO `wisata_alam` VALUES ('18', 'TEBING KERATON ', 'cover/default.jpg', 'Kp. Ciharegem Puncak, Desa Ciburial,Cimenyan,Bandung, Jawa Barat,Indonesia', '<p>Sekarang <a href=\"http://tempatwisatadibandung.info/dusun-bambu-lembang-surga-wisata-alam-pegunungan/\">Wisata Alam Bandung</a> pun telah bertambah dengan ditemukannya salah satu <a href=\"http://tempatwisatadibandung.info/street-gourmet-bandung/\">Tempat Wisata Baru di Bandung</a> yang sedang hangat-hangatnya menjadi pusat perhatian sekaligus pujian dari kalangan netter pengguna social media seperti Twitter dan Instagram di tanah air bahkan dunia,yakni wisata baru <strong>Tebing Keraton</strong> ? Sudah mengenal sebelumnya nama Tebing di Bandung ini ? Nah buat anda yang ingin tau, mengenal atau bahkan bisa menjadi bahan referensi destinasi wisata anda di waktu liburan mendatang,penulis akan memberikan review wisata tentang salah satu <a href=\"http://tempatwisatadibandung.info/curug-malela/\">tempat wisata di bandung</a> yang lagi nge-hitzs ini,selain cukup spektakuler dengan pemberitaan serta upload postingan pemandangan alamnya yang sangat luar biasa,Tebing Keraton Bandung ini juga sering disebut-sebut sebagai salah satu lokasi wisata di Bandung yang sangat kental akan misteri dan juga hal mistisnya.</p>\r\n<p>Tebing Keraton</p>\r\n<p>Nah seperti apakah keksotisan serta keindahan alam di tebing keraton serta seputar fakta dan misteri di dalamnya ? yuk kita simak bersama-sama di bawah ini !!</p>\r\n<p><strong>Lokasi Wisata Tebing Keraton</strong></p>\r\n<p><strong>Tebing Karaton</strong> sebenarnya adalah lokasi wisata alam bandung yang berada di dalam <a href=\"http://tempatwisatadibandung.info/situ-lembang-bandung/\">objek wisata Bandung</a> yang telah populer terlebih dahulu yakni kawasan Taman hutan rakyat Djuanda ( Tahura Djuanda ) di Desa Ciburial Kabupaten Bandung Utara Dago.Letak</p>\r\n<p>persis Tebing Keraton dago bandung ini tepatnya berada di Kampung Ciharegem Puncak (RW 10) Desa Ciburial.</p>\r\n<p><strong>Asal Usul Nama Tebing Keraton</strong></p>\r\n<p>Versi sang founder atau penemu Tebing Keraton di daerah Dago Bandung ini sekaligus yang memberikan nama yang cukup unik tebing keraton yaitu Bpk Asep, beliau menamakan Tebing di bandung ini dengan istilah Tebing Keraton karena rasa kagum serta apresiasianya yang luar biasa akan keindahan alam yang ada di sekitar Tebing Keraton dan juga dari apa yang dilihat dari puncak atas tebing bandung yang fenomenal ini.</p>\r\n<p>Tapi kalau versi penulis,yang merupakan orang sunda juga yang sama dengan bpk Asep,bisa jadi Tebing Keraton itu adalah berasal dari 2 suku kata,Tebing yang berarti Gawir atau daerah tepian daratan yang lokasinya di atas atau tinggi,sementara keraton adalah kita tahu sendiri,sebuah bangunan yang pastinya akan memiliki sesuatu yang agung,penuh kebesaran serta indah dan terkenal.Jadi apabila disimpulkan bisa jadi,Tebing ini dinamakan tebing keraton oleh sang founder,karena beliau ini takjub dengan sebuah tebing yang ada di puncak gunung di desa ciburial,yang memiliki pemandangan indah yang sangat luar biasa cantik dan sangat eksotis.</p>\r\n<p><strong>Apa yang Menarik dari Wisata Tebing Keraton ?</strong></p>\r\n<p>Seperti ulasan di atas, Nama Tebing Keraton menjadi sebuah hal yang fenomenal dan spektakuler di kalangan para netter dan wisatawan baik dari daerah bandung sendiri juga wisatawan luar daerah, karena selain tertarik dengan media pemberitaan juga posrtingan foto-foto yang keren dan luar biasa,serta tentunya rasa penasaran yang sangat luar biasa untuk menyaksikan Wisata Alam Bandung yang relatif baru ini dari jarak yang sangat dekat,sehingga mereka memutuskan berbondong-bondong mendatangi lokasi yang berada di kawasan wisata dago Bandung ini.</p>\r\n<p>Ada yang spesial atau cara berwisata yang unik dan berbeda apabila anda datang ke tebing keraton ini,Apabila anda pernah berkunjung ke tempat wisata alam bandung lainhya seperti Bukit Bintang di dago, atau Caringin Tilu di wilayah bandung timur,yang mana anda akan disuguhi gemerlap lampu kota metropolitan Bandung yang eksotis dan romantis terutama di senja dan malam hari, maka di Tebing Keraton ini,para pengunjung yang datang ke sini akan disuguhi dengan hamparan pemandangan hijau penuh aura ketenangan serta kenyamanan berupa lebatnya hutan belantara Tahura Djuanda yang begitu spektakuler.</p>\r\n<p>Perlu anda tahu,Tebing Karaton di daerah <a href=\"http://tempatwisatadibandung.info/dago-pakar-bandung-nuansa-alam-yang-eksotis/\">Dago Bandung</a> ini berada pada ketinggian sekitar 1.200 meter di atas permukaan, sehingga dengan ketinggiannya inilah ,dari Tebing Keraton ini,kita dan pengunjung lainnya akan bisa dengan mudah dan jelas menyaksikan hamparan hijaunya pemandangan Tahura Djuanda yang menghampar luas sepanjang mata memandang.Pemandangan di sini pun akan semakin bertambah eksotis dan romantis, apabila kita datang sebelum matahari terbit atau kira-kira jam 6 pagi untuk menyambut keindahan hamparan pemandangan saat Sunrise.Pemandangan sunrise atau saat sinar matahari terbit,yang dengan sinarnya menyelisik membuka kabut yang bersembunyi di balik hamparan pepohonan hijau khas Tahura Djuanda memberikan sensasi pagi hari yang sangat eksotis dan romantis. Sinar matahari yang membelah kabut tercipta laksana busur-busur panah indah yang menusuk bumi yang tercipta diantara kabut tipis,tentunya akan menjadi bukti atau jejak bidikan kamera para fotografer yang dengan sukarela serta sengaja menempuh perjalanan yang cukup sulit dan melelahkan sejak menjelang waktu fajar menuju ke tebing Keraton dago bandung ini.</p>\r\n<p>Pengalaman atau momen spesial yang ditawarkan tempat wisata alam di Bandung ini pun, Tidak hanya di waktu pagi hari dengan momen sunrise nya, Nih momen yang tak boleh anda lewatkan juga adalah saat menjelang sore hari untuk melihat dan merasakan episode Sunset atau saat matahari mau tenggelam.kita dapat menikmati indahnya langit yang biru dengan warna siluit keemasan yang melingkupi jajaran perbukitan yang dibawahnya terdapat kawasan hijau tahura djuanda. bahkan keindahan <a href=\"http://tempatwisatadibandung.info/cerita-gunung-tangkuban-perahu/\">Tangkuban Parahu</a> yang tampak dari kejauhan pun akan terlihat jelas dan indah ketika disinari cahaya matahari menjelang terbenam.Ya,semua jangan pernah anda lewatkan, Semua keindahan panorama alam di Tebing Keraton ini,baik saat sunrise atau sunset dengan mengabadikannya ke dalam jepretan-jepretan blitz kamera kita.</p>\r\n<p><strong>Tiket Masuk Tebing Keraton</strong></p>\r\n<p>Diawalnya untuk memasuki Tempat Wisata alam di bandung ini sebenarnya tidak ditetapkan besaran harga tiket masuk ke tebing keraton ini,karena pengelolaannya yang dilakukan swadaya masyarakat sekitar lokasi.Sehingga belum menentukan tarif parkir alias sistem &acirc;&euro;&tilde;sarelana&acirc;&euro;&trade; atau suka rela.Sebelum akhirnya pihak pengelola Taman Hutan Raya Djuanda mengambil alih fungsi ticketing warga sekitar dengan tarif Rp.11.000/orang dengan uang parkiran Rp.5.000/orang. Untuk masalah harga tiket masuk dan juga rute jalan menuju kawasan wisata Tebing Keraton di bandung dago ini,anda bisa membaca update-an terbaru <a href=\"http://www.pergidulu.com/cara-menuju-tebing-keraton/\">di sini</a>.</p>\r\n<p>&nbsp;</p>\r\n<h2 id=\"2\">Bagaimana cara menuju&nbsp;Tebing Keraton?</h2>\r\n<p>Cara Menuju Tebing Keraton sangatlah mudah. Ambil arah ke Terminal Dago (Jalan Juanda), sekitar 500 meter setelah itu belok kiri masuk ke jalanan yang menuju ke. Lewati pintu masuk Taman Hutan Raya dan ambil belokan pertama yang ke kanan. Di sana ada tanda bertuliskan&nbsp;&ldquo;Tebing Keraton&rdquo;. Ikuti saja petunjuk-petunjuk jalan yang mengarahkan ke&nbsp;Tebing Keraton. Ada petunjuk-petunjuk di persimpangan atau belokan yang penting. Jika masih bingung juga, silakan baca detailnya di&nbsp;&ndash; <a href=\"http://www.pergidulu.com/cara-menuju-tebing-keraton/\">Cara Menuju Tebing Keraton</a>.<br /> </p>\r\n<h2 id=\"3\">Transportasi umum yang paling baik untuk menuju Tebing Keraton?</h2>\r\n<p>Transportasi umum tidak ada yang sampai ke Tebing Keraton. Angkot hanya mengantarkan sampai Terminal Dago. Dan kalau beruntung, bisa naik angkot (yang biasanya jarang) dari Terminal Dago sampai ke belokan ke jalan menuju Taman Hutan Raya (sekitar 500 meter). Kalau mau jalan kaki ke Tebing Keraton dari &nbsp;Terminal Dago, jaraknya kurang lebih 6.5 km dan memakan waktu 1 jam 45 menit.</p>\r\n<h2 id=\"4\">Biaya masuk ke&nbsp;Tebing Keraton?</h2>\r\n<p>WNI = Rp. 11.000</p>\r\n<p>WNA = Rp. 76.000 <em>(to be confirmed &ndash;&gt; berdasarkan pengumuman yang ditempel di loket, per 1 Juni 2015 diturunkan jadi Rp 51.000,- )</em></p>\r\n<h2 id=\"5\">Biaya parkir di Tebing Keraton?</h2>\r\n<p>Motor = Rp. 5.000</p>\r\n<p>Mobil = Rp. 10.000</p>\r\n<h2 id=\"6\">Jam berapa Tebing Keraton buka/tutup?</h2>\r\n<p>Tebing Keraton buka jam 05.00 &ndash; 18.00 WIB.</p>\r\n<p>&nbsp;</p>', 'a:7:{i:0;s:5:\"senin\";i:1;s:6:\"selasa\";i:2;s:4:\"rabu\";i:3;s:5:\"kamis\";i:4;s:5:\"jumat\";i:5;s:5:\"sabtu\";i:6;s:6:\"minggu\";}', '08:00:00', '18:00:00', '-6.8873667', '107.5942461', '1', '2016-05-31 09:46:42', '2016-06-07 04:53:44', '1', '1');
INSERT INTO `wisata_alam` VALUES ('49', 'Es Pot', 'cover/default.jpg', 'Ciwaruga', 'Tiis', null, null, null, null, null, '3', '2016-06-12 05:20:56', null, '1', '3');

-- ----------------------------
-- Table structure for wisata_alam_galeri
-- ----------------------------
DROP TABLE IF EXISTS `wisata_alam_galeri`;
CREATE TABLE `wisata_alam_galeri` (
  `wisata_alam_galeri_id` int(11) NOT NULL AUTO_INCREMENT,
  `nama_foto` varchar(45) DEFAULT NULL,
  `url_foto` varchar(45) DEFAULT NULL,
  `deskripsi_foto` varchar(120) DEFAULT NULL,
  `stt` int(11) DEFAULT NULL,
  `date_add` date DEFAULT NULL,
  `time_add` time DEFAULT NULL,
  `wisata_alam_id` int(11) NOT NULL,
  PRIMARY KEY (`wisata_alam_galeri_id`),
  KEY `fk_wisata_galeri_wisata_idx` (`wisata_alam_id`),
  CONSTRAINT `fk_wisata_galeri_wisata` FOREIGN KEY (`wisata_alam_id`) REFERENCES `wisata_alam` (`wisata_alam_id`) ON DELETE NO ACTION ON UPDATE NO ACTION
) ENGINE=InnoDB AUTO_INCREMENT=9 DEFAULT CHARSET=latin1;

-- ----------------------------
-- Records of wisata_alam_galeri
-- ----------------------------
INSERT INTO `wisata_alam_galeri` VALUES ('6', 'Adaw', 'cover/photo2.jpg', 'Default', '1', '2016-06-06', '06:18:03', '1');
INSERT INTO `wisata_alam_galeri` VALUES ('7', '', '3_3.jpg', '', '1', '2016-06-07', '04:19:41', '4');
INSERT INTO `wisata_alam_galeri` VALUES ('8', '', '5_3.jpg', '', '1', '2016-06-07', '04:49:55', '3');

-- ----------------------------
-- Table structure for wisata_kuliner
-- ----------------------------
DROP TABLE IF EXISTS `wisata_kuliner`;
CREATE TABLE `wisata_kuliner` (
  `wisata_kuliner_id` int(11) NOT NULL AUTO_INCREMENT,
  `nama_wisata_kuliner` varchar(100) DEFAULT NULL,
  `cover_photo` varchar(255) DEFAULT NULL,
  `alamat_wisata_kuliner` text,
  `deskripsi_wisata_kuliner` text,
  `hari` varchar(500) DEFAULT NULL,
  `jam_buka` time DEFAULT NULL,
  `jam_tutup` time DEFAULT NULL,
  `lat` varchar(45) DEFAULT NULL,
  `long` varchar(45) DEFAULT NULL,
  `stt` int(11) DEFAULT NULL,
  `date_add` timestamp NULL DEFAULT NULL,
  `date_update` timestamp NULL DEFAULT NULL,
  `featured` varchar(10) DEFAULT NULL,
  `user_id` int(11) NOT NULL,
  PRIMARY KEY (`wisata_kuliner_id`),
  KEY `fk_wisata_kuliner_user1_idx` (`user_id`),
  CONSTRAINT `fk_wisata_kuliner_user1` FOREIGN KEY (`user_id`) REFERENCES `user` (`user_id`) ON DELETE NO ACTION ON UPDATE NO ACTION
) ENGINE=InnoDB AUTO_INCREMENT=9 DEFAULT CHARSET=latin1;

-- ----------------------------
-- Records of wisata_kuliner
-- ----------------------------
INSERT INTO `wisata_kuliner` VALUES ('4', 'Kampung Daun', '1_1.jpg', 'Jalan Sersan Bajuri KM. 4,7,Desa Lembang, Kecamatan Lembang,Kabupaten Bandung Barat, Jawa Barat,Indonesia', '<p><strong>Kampung Daun</strong> adalah sebuah tempat wisata kuliner terbaik di kota bandung,dengan menawarkan konsep Galery alami dan Cafe&nbsp; atau biasa disebut dengan istilah Cafe and Cultur Gallery,maka tempat ini siap memberikan service pelayanan dengan memanjakan pengunjung atau wisatawan yang berkunjung untuk menikmati alam dan suasana pedesaan yang hening,fresh dan berhawa dingin serta tentunya dengan aneka menu <strong>Kampung Daun</strong> yang lezat dan menggairahkan.</p>\r\n<p>Satu lagi ciri khas dari pada <a href=\"http://tempatwisatadibandung.info/curug-malela/\"><strong>Tempat Wisata Di Bandung</strong></a> <strong>Kampung Daun</strong> adalah memiliki konsep penataan kawasan wisata yang boleh dibilang sangat cukup unik,yaitu kawasan tepian desa yang sunyi ini benar-benar di desain dengan ornamen tradisional yang antique ,seperti tempat makan,saung-saungan,lesehan dan yang paling kentara adalah lampu yang menerangi kawasan ini sungguh indah,redup dan membuat suasana romantis,dan uniknya sepanjang jalan menuju ke tempat wisata favorit di Lembang ini,pengunjung dapat melihat jajaran lampu-lampu obor di sisi-sisi jalannya.</p>\r\n<p>Penulis menyarankan apabila mau berkunjung ke tempat wisata kuliner <strong>Kampung Daun</strong>,cobalah dan rasakan sensasinya suasananya dengan berkunjung pada sore menjelang malam hari,suhu udara yang sangat dingin akan menantang anda dan siap memanjakan anda dengan kelembutan udaranya yang sangat segar menemani anda menikmati setiap aneka makanan dan minuman yang tersaji di tempat ini.</p>\r\n<p>&nbsp;</p>\r\n<p>kampung daun di malam hari</p>\r\n<p>Dengan lampu penerangan berwarna kuning meredup yang menghiasi penerangan sepanjang jalan yang berbelok-belok dengan dasar jalan bebatuan yang membelah deretan saung-saung panggung dari bambu dan tebing serta pepohonan yang rindang,anda akan dipaksa untuk lakukan jalan-jalan terlebih dahulu menikmati suasana kawasan wisata eksotis <strong>Kampung Daun</strong> ini sambil menunggu pesanan hidangan aneka menu kuliner tentunya.</p>\r\n<p>Sementara itu,di dalam kawasan <strong>kampung daun</strong> sendiri,sejak memasuki areal ini,pengunjung akan langsung disuguhi saung-saung model atap tradisional dan bangunan menarik dengan penataan yang sangat enak dilihat mata.Namun tepat di bagian depan lokasi wisata ini,anda akan menemukan dan disuguhi dengan aneka jajanan tempo dulu seperti dodol,kembang gula gulali,kue tradisional serta permainan jaman dulu seperti Congklak, juga panggung hiburan dan gallery outlet souvenir yang bisa anda nikmati&nbsp; dan beli sebagai oleh-oleh.</p>\r\n<p><strong>Alamat Kampung Daun</strong></p>\r\n<p><strong>Alamat Kampung Daun</strong> tepatnya di Jalan Sersan Bajuri Km 4.7 No 88 &ndash; RRI Bandung &ndash; Jawa Barat.Rute jalan menuju ke Kampung Daun,Apabila dari arah bandung menuju ke jakarta lewat arah jalur jalan ke subang,sebelum kota lembang anda akan menemukan terminal angkutan umum/kota yang bernama Terminal Ledeng.Tepat di depan Terminal ini,ada jalan ke arah depan sedikit dan kemudian belok ke sebelah kiri,nah dari situlah anda sudah siap memasuki jalan Sersan Bajuri.</p>\r\n<p><strong>Lokasi Kampung Daun</strong></p>\r\n<p>Menurut penulis <strong>Kampung Daun</strong> adalah <a href=\"http://tempatwisatadibandung.info/tempat-wisata-kuliner-di-bandung/\">tempat wisata kuliner di bandung</a> yang wajib untuk anda kunjungi dalam suatu kesempatan liburan,karena tempat ini berlokasi dekat dengan tempat wisata di lembang lainnya yang populer.</p>\r\n<p>Apabila kita jalan menuju kampung daun dari arah terminal Ledeng ,kita bisa melewati beberapa kawasan wisata terkenal lainnya seperti <a href=\"http://tempatwisatadibandung.info/sapu-lidi-lembang-cafe-resto-galery-traditional-ethnic/\">Sapu Lidi</a>, <a href=\"http://tempatwisatadibandung.info/kampung-gajah-super-wonderland-fantastic/\">Kampung Gajah</a> dan The Peak.Dan uniknya jalan ke arah kampung daun ini,anda akan dituntun dengan obor-obor di sepanjang jalan menuju kawasan wisata alam dan kuliner lembang bandung&nbsp; ini.</p>\r\n<p><strong>Menu Kampung Daun</strong></p>\r\n<p>Selain mengandalkan suasana alam kawasan pegunungan tinggi yang hening,dingin dan fresh,<strong>Kampung daun</strong> juga mempunyai wisata kuliner yang sangat menggoda.</p>\r\n<p>Berbagai macam menu makanan dan minuman khas indoensia dan luar negeri seperti nasi timbel,rawon,sop buntut,steak,pizza dan pasta. Juga jajanan tradisional khas bandung dan sunda pun bisa anda jumpai dan dapatkan di sini seperti nasi liwet parahyangan,surabi,batagor dan bajigur bandrek.</p>\r\n<p>Hal yang unik dari <strong>Kampung Daun</strong> adalah,cara penyajian makan dan minuman benar-benar mengandalkan konsep back to natural,seperti cara penyajian nasi bakar di dalam bambu bekas bakar,serta minuman disajikan dari batok kelapa.</p>\r\n<p><strong>Menu Indonesia</strong></p>\r\n<p>-Nasi Liwet Parahyangan, Gurame goreng sambal terasi/cobek, Gurame bakar sambal kecap, Nasi tutug oncom, Nasi pepes daun kemanggi, Sop Gurame, Nasi timbel komplit, Nasi kukus kampung daun, Bebek bakar bumbu Bali, Nasi goreng kampung daun, Nasi goreng Seafood, Nasi bakar belut, Sop Iga Sapi , Sop buntut bagar</p>\r\n<p><strong>Menu Luar</strong></p>\r\n<p>&ndash; Chicken Steaks, Blackpepper Beef, Beef Ribs, Tenderloin Steak</p>\r\n<p><strong>Makanan Ringan</strong></p>\r\n<p>&ndash; Batagor, Surabi Kinca, Tahu Goreng, Pisang Goreng, Colenak , Poffertjes , surabi oncom</p>\r\n<p><strong>Minuman</strong></p>\r\n<p>&ndash; Coffee , Bajigur , Juice , Bandrek , Es Goyobod , Es Selasih , Caramel coffe late , Cold Beverages , Pink Guava , Dwi Warna Juice.</p>\r\n<p><strong>Harga Makanan di Kampung Daun</strong></p>\r\n<p>Sepertinya sensasi yang akan anda dapatkan dari suasana alam yang indah dan udara yang segar di <strong>Kampung Daun</strong> bisa menjadi kepuasan tersendiri,apabila dibandingkan dengan Harga-harga makanan atau minuman yang ada di sini.Untuk makanan seperti snack harganya dimulai Rp.8.000 dan makanan luar seperti Steak Rp 115.000.</p>\r\n<p>Bagaimana ? menarik bukan ? siapkan diri anda bersama keluarga,sahabat ataupun dengan rekan kerja bahkan pasangan untuk menikmati sensasi tempat yang super eksotis ini di waktu liburan atau kapan pun setiap kali anda berkunjung ke Lembang Bandung.</p>\r\n<p>Demikianlah info seputar Tempat Wisata Di Bandung tepatnya <strong>Kampung Daun</strong>,sebuah tempat wisata kuliner yang patut dan wajib anda nikmati suasana romantis dan super mak&rsquo;nyos aneka menu makanan dan minumannya. [ <strong>Tempat Wisata Di Bandung</strong> ]</p>\r\n<p>&nbsp;</p>', 'a:7:{i:0;s:5:\"senin\";i:1;s:6:\"selasa\";i:2;s:4:\"rabu\";i:3;s:5:\"kamis\";i:4;s:5:\"jumat\";i:5;s:5:\"sabtu\";i:6;s:6:\"minggu\";}', '11:00:00', '24:00:00', '-6.8166681', '107.5869307', '1', '2016-06-06 06:44:01', '2016-06-07 04:55:17', '1', '1');
INSERT INTO `wisata_kuliner` VALUES ('5', ' Maja House: A Place For Ur Weekend Gateway.', '1.jpg', 'Jl. Sersan Bajuri No. 72,Bandung Barat,Jawa Barat,Indonesia', '<p><strong><a href=\"http://hennpuspita.blogspot.co.id/2011/12/sugar-cream-maja-house-place-for-ur.html\">Sugar &amp; Cream Maja House: A Place For Ur Weekend Gateway.</a> </strong></p>\r\n<p>Sedikit melarikan diri dari kemacetan kota Bandung malam itu akhirnya kesampaian juga dinner di Sugar &amp; Cream Maja House. Sempet lihat dan baca artikel yang memuat berita tentang tempat ini (kalo nggak salah di majalah Gogirl!) dan berniat dalam hati, kalau ke Bandung harus nyempetin makan disini dan sekarang istilahnya mumpung lagi #selo makanya gak mau sia-siain kesempatan buat dinner disini. Kenapa harus dinner? Ada beberapa alasan sih, alasan pertama tempat ini berada agak sedikit keluar dari hiruk pikuk kota jadi mungkin setelah siangnya jalan-jalan atau mengabiskan aktivitas di kota Bandung dan bosan dengan kemacetan malamnya biar lebih agak santai bisa sedikit menikmati makan malam sekaligus view yang ditawarkan oleh Maja House ini. Kedua, menurut saya sore menjelang petang sampai malam hari adalah waktu yang tepat untuk berkunjung ke tempat ini, kalo sore hari matahari udah nggak terlalu panas dan malam hari bisa melihat pemandangan langit dengan bintang dan bulannya serta bisa menikmati kerlap kerlip lampu kota Bandung dari rooftop Maja House ini.</p>\r\n<p>&nbsp;</p>\r\n<p>Sekitar pukul 7 malam kami sudah sampai di Maja House, bukan kenapa-kenapa karena kalo maleman dikit lewat jl. Setiabudi itu sama aja bunuh diri kalo liat macetnya (apalagi pas weekend) makanya kami sengaja \"kabur\" dari sore hari biar pas sampai sini masih sepi dan kebagian tempat duduk yang bisa liat city view. Kesan pertama ketika memasuki area parkiran yaitu wow *ndlongop* tempatnya bagus banget kayak di majalah dan website yang pernah tak liat. Sempet mikir, coba ada tempat beginian di Jogja pasti bakalan jadi tempat favorit saya buat menghabiskan weekend. #lupakan</p>\r\n<p>Jadi ternyata Maja House ini merupakan sebuah management yang mengurus beberapa usaha di tempat ini seperti hotel, functional building, restoran and bar yang kesemuanya menjadi satu gedung disini, untuk hotelnya saya liat sih masih dalam tahap pembangunan dan itu kalau jadi pasti bagus banget kalo nginep disitu bisa liat pemandangan yang Subhanallah indahnya. Untuk memasuki restonya kita harus menaiki beberapa (banyak) anak tangga karena restonya ini terletak di rooftop dari gedungnya, nah restonya ini sendiri namanya Sugar &amp; Cream. Jadi, tidak disarankan kesini membawa nenek atau kakek kita ya... Eh tapi kayaknya lagi mau dibuat eskalator kok buat menuju ke resto ataupun gedung pertemuannya itu. (sok tau)</p>\r\n<p>&nbsp;</p>\r\n<p>Nama Maja House diambil dari bahasa Spanyol ini memiliki arti sebagai tempat yang indah dan selalu bersentuhan dengan sesuatu yang indah dan cantik. Pemilihan nama yang&nbsp; sangat tepat memang jika dilihat dari bangunannya sendiri, selain membahas&nbsp; keindahan dari bangunana tersebut, Maja House juga menyajikan beraneka macam makanan yang mengutamakan keindahan dan juga kesehatan bagi konsumennya karena tidak menggunakan MSG sama sekali.</p>\r\n<p>&nbsp;</p>\r\n<p>Resto ini terdiri dari beberapa bagian, ada yang di meja bar, indoor, serta outdoor yakin deh kebanyakan orang yang kesini pasti bakal memilih yang outdoor soalnya disini bisa melihat dengan jelas pemadangan kota Bandung dengan kerlap-kerlip lampunya saat malam tiba. Tapi mungkin saya kurang beruntung malam itu ternyata bagian outdoornya udah di reserve semua sama orang, akhirnya saya memilih tempat indoor yang Alhamdulillah masih bisa melihat city view walaupun tidak sejelas yang di outdoor. Setelah duduk rapi, seorang pelayan dengan ramah membawakan buku menu (lembaran lebih tepatnya) kepada saya. Setelah membolak-balik melihat isi menu saya agak kaget sekaligus seneng, harga untuk menu disini nggak terlalu mahal boooookk (dibandingkan dengan bangunan, pemandangan, pelayanan dan cita rasa menu yang ditawarkan) untuk harga menu-menu asian dan western paling mahal sekitar 70ribu kecuali untuk steak impor yang gak tau namanya apa ada yang nyampe 500ribu -- oh mai goat! ini kalo abis makan langsung boker apa gak eman-eman tu makanan semahal itu langsung masuk ke wc #curhat</p>\r\n<p>&nbsp;</p>\r\n<p>Untuk menu yang disajikan disini seinget saya ada Western, Asian dan Indonesian foods. Harga makanan disini berkisar dari 20-500rb (yang paling mahal ini steak impor gak tau darimana) untuk minuman disini dari 15-2jutaan lebih. Lah kok mahal amat sampai 2jutaaaa? Iya yang semahal itu adalah minuman beralkohol (entah wine, beer, vodka atau apa namanya saya nggak gaul kalo soal minuman beralkohol, cuma tau ciu sama lapen itu yang saya tau dijualnya 10rb doang segelas) impor gak tau darimana juga. Resto ini memang ada clubnya setiap weekend, jadi mereka menjual minuman-minuman beralkohol yang katanya juga enak (lha saya gak pernah minum). Oh ya, selain beberapa alasan yang saya sebutkan diatas tadi kenapa datang jam 7 malam ya karena tujuan saya kesini memang mau dinner sekalian menikmati city view Bandung soalnya kalo kemaleman kan tempatnya disulap bim salabim jadi club prok prok prok.</p>\r\n<p>&nbsp;</p>\r\n<p>Malam itu saya tidak tertarik dengan menu Western mereka walaupun terlihat menggoda, ya karena siangnya dan hari kemarinnya saya udah makan menu-menu bule barat semua makanya pengen ganti yang lain gitu. Akhirnya saya memesan menu Asian bernama Champignon Mushroom With Wing Fried Chicken (panjang amat yak namanya), Apple Mojito dan Green Tea Ice Cream With Apple Crisp. Mangkuk biasanya menjadi wadah untuk menyajikan bubur, sereal, atau sup. Tapi disini mangkuk dipakai untuk mewadahi nasi. Jadilah menu masakan ini dinamai Rice on Bowl. Ada enam ragam pilihan yang ditawarkan, pengunjung bisa memilih ayam bumbu pedas, brokoli dengan daging asap, daging cincang pedas, jamur dengan sayap ayam goreng, tomat ceri dengan iga bakar, dan tongkol dengan saus pedas. Masing-masing harganya Rp 30.500 (sebelum pajak).&nbsp;Saya memilih menu rice on bowl dengan nasi dicampur dengan potongan-potongan jamur kancing seperti nasi goreng. Di atasnya ditaruh sayap ayam jago goreng dengan bumbu kuning (tradisional). Rasanya pas perpaduan antara asin dan gurihnya, yang bikin ketagihan banget itu jamurnya yang maknyus.</p>\r\n<p>&nbsp;</p>\r\n<p>Untuk menu selanjutnya yang saya pesan adalah Ice Cream Green Tea With Apple Crisp. Menikmati khasiat antioksidan teh hijau ternyata tidak hanya dengan cara menyeduh teh (baca: green tea). Bisa juga melalui lembutnya es krim. Dua scoop es krim dalam mangkuk putih akan menggoda pengunjung dengan aroma daun teh hijau yang disajikan dengan apple crisp yang rasanya istimewa. Untuk menikmati menu ini saya diharuskan membayar Rp 18.500,00 (sebelum pajak). Minuman yang saya pesan adalah Apple Mojito yang katanya salah satu menu minuman andalan di Maja House ini. Sebagai minuman khas Kuba, resep minuman Apple Mojito asli intinya hanya terdiri dari konsep campuran rum, daun mint, air soda, dan sari buah apel yang asli dari Malang. Minuman mocktail ini disajikan dengan gelas besar yang cukup diminum buat berdua, saya suka potongan buah apel dan irisan daun mint yang adem banget di mulut. Harganya cukup mahal menurut saya, lebih mahal dari makanan yang saya pesan Rp 35.000,00 (sebelum pajak).</p>\r\n<p>&nbsp;</p>\r\n<p>Menurut saya ini merupakan tempat yang recommended untuk dikunjungi ketika Anda berakhir pekan di Bandung. Larikan sedikit diri Anda dari pusat kota Bandung pada saat weekend ke Maja House, sambil sedikit melakukan &ldquo;pemanasan&rdquo; sebelum menghabiskan malam minggu Anda di tengah-tengah kota.</p>\r\n<p>&nbsp;</p>\r\n<p><strong><u>Maja House</u></strong><br /> Alamat: Jalan Sersan Bajuri No. 72<br /> Telp. (022) 2788196<br /> Buka: Pk. 11.00 &ndash; 24.00 WIB. (Minggu &ndash; Kamis)<br /> Pk. 11.00 &ndash; 03.00 WIB. (Jumat &ndash; Sabtu)</p>\r\n<p>&nbsp;</p>', 'a:7:{i:0;s:5:\"senin\";i:1;s:6:\"selasa\";i:2;s:4:\"rabu\";i:3;s:5:\"kamis\";i:4;s:5:\"jumat\";i:5;s:5:\"sabtu\";i:6;s:6:\"minggu\";}', '11:00:00', '00:00:00', '-6.8314709', '107.5929689', '1', '2016-06-06 06:50:07', '2016-06-07 04:55:53', '1', '1');
INSERT INTO `wisata_kuliner` VALUES ('6', 'Rumah sosis', 'cover/default.jpg', 'Jl. Dr. Setiabudhi No. 293-295 RT. 03 / RW. 03, Isola,Sukasari,Jawa Barat,Indonesia', '<p>&nbsp;</p>\r\n<p>Rumah Sosis</p>\r\n<p>Sesuai dengan namanya, Rumah Sosis adalah sebuah tempat yang menyediakan berbagai menu dan barang-barang dengan tema sosis. Tempat wisata yang mempunyai slogan eat, swim, play ini sangat cocok bagi keluarga yang ingin mengajak jalan-jalan anak kecil, karena umumnya anak kecil sangat suka makan sosis. Selain itu, di Rumah Sosis juga terdapat kolam renang dan berbagai jenis permainan untuk anak-anak sehingga makin melengkapi kesenangan si kecil.</p>\r\n<p>Beralamat di Jalan Setiabudi No. 295, Rumah Sosis sangat mudah sekali ditemukan. Anda cukup mengambil jalan yang menuju Lembang, dan dengan mudah anda akan melihat Rumah Sosis karena posisinya yang berada tepat di pinggir jalan raya dengan penanda yang lumayan besar. Pada saat anda berada di depan gerbang Rumah Sosis, mungkin anda berpikir apakah benar tempat ini mempunyai fasilitas kolam renang dan wahana permainan yang beragam, sepertinya tempatnya kecil. Memang dari luar Rumah Sosis terlihat tidak besar, namun pada saat anda sudah masuk ke dalam, sebenarnya tempat ini cukup luas sehingga sangat cocok untuk anak-anak yang suka berlari-lari. Harga tiket masuk Rumah Sosis adalah 3,000 Rupiah.</p>\r\n<p><strong>Makanan Rumah Sosis</strong></p>\r\n<p>&nbsp;</p>\r\n<p>makanan Rumah Sosis</p>\r\n<p>Menu andalan dari restoran ini tentu saja sosisnya. Mungkin anda berpikir sosis kenapa mahal sekali, di super market kan bisa didapatkan dengan murah. Nah, sosis di sini berbeda dengan sosis yang dapat anda beli di super market. Sosis yang mereka jual adalah sosis buatan sendiri sehingga rasanya unik, enak, sehat, dan tanpa bahan pengawet. Jenis makanan yang ditawarkan di sini sangat beragam, total ada lebih dari 70 jenis menu yang cocok untuk lidah orang dewasa dan juga anak-anak, misalnya sosis keju, sosis barbeque, sosis bockwurst, sosis black pepper, beef garlic, chicken chipolata, sosis crispy, dan lain-lain. Selain menu sosis, restoran ini juga menawarkan menu lain seperti nasi ayam, nasi goreng, spaghetti, nasi chicken katsu, nasi liwet, nasi bakar, nasi tempura, kentang goreng, dan lain-lain. Harganya memang lumayan mahal, sekitar 40,000 sampai dengan 60,000 Rupiah untuk menu masakan, dan sekitar 10,000 sampai dengan 20,000 Rupiah untuk sate sosis.</p>\r\n<p>&nbsp;</p>\r\n<p>makanan Rumah Sosis</p>\r\n<p>Selain dapat menikmati sosis di restoran, anda juga dapat menikmati sosis khas Rumah Sosis di rumah dengan cara membeli sosis beku di toko Rumah Sosis. Harga sosis beku per pak nya adalah sekitar 50,000 Rupiah sampai dengan 70,000 Rupiah. Selain sosis beku, Rumah Sosis juga menawarkan produk beku lain berupa baso dengan bermacam-macam rasa misalnya baso cumi, baso ikan, baso sapi, baso udang, dan lain-lain dengan harga berkisar antara 25,000 Rupiah sampai dengan 40,000 Rupiah per pak. Selain sosis dan baso, terdapat juga produk mie organik beku, dan berbagai jenis es krim yang dapat langsung anda nikmati di tempat.</p>\r\n<p>Untuk makanan dan minuman tidak beku yang dapat anda beli yaitu kue kering, abon sapi, yoghurt, berbagai macam minuman botol, dan lain-lain. Menurut saya makanan dan minuman ini tidaklah berbeda dengan yang ada di tempat lain sehingga kurang menarik untuk dibeli dan dibawa pulang sebagai oleh-oleh.</p>\r\n<p><strong>Selain makanannya yang khas, Rumah Sosis juga mempunyai berbagai wahana permainan untuk anak kecil. Apa saja wahana permainan yang ada di Rumah Sosis?</strong></p>\r\n<ul>\r\n<li>Rumah Pohon</li>\r\n<li>Kolam Pemancingan</li>\r\n<li>Rumah Bola</li>\r\n<li>Ayunan</li>\r\n<li>Permainan Basket</li>\r\n<li>Permainan Lempar Kaleng</li>\r\n<li>Mini Golf</li>\r\n<li>Bom-bom Car</li>\r\n<li>Permainan Becak</li>\r\n<li>Permainan Sepeda</li>\r\n<li>Permainan Otoped</li>\r\n<li>Lorong Sesat</li>\r\n<li>Flying Fox</li>\r\n<li>Kolam Renang Dewasa</li>\r\n<li>Kolam Renang Anak</li>\r\n<li>Kora-kora Mini</li>\r\n<li>Mobil Baterai</li>\r\n<li>ATV</li>\r\n<li>Kuda Tunggang</li>\r\n<li>Cinema 4D</li>\r\n<li>High Rope</li>\r\n<li>Perahu Sosis</li>\r\n<li>Kereta Sosis</li>\r\n<li>Trampolin</li>\r\n<li>Mini Motorcross</li>\r\n<li>Fun Climbing</li>\r\n<li>Permainan Menembak Sasaran</li>\r\n<li>Playland</li>\r\n</ul>\r\n<p><strong>Selain wahana permainan dan makanan beku, Rumah Sosis juga menjual:</strong></p>\r\n<ul>\r\n<li>Baju bergambar sosis</li>\r\n<li>Stiker</li>\r\n<li>Boneka</li>\r\n<li>Guling</li>\r\n<li>Mainan anak</li>\r\n<li>Kaktus</li>\r\n<li>Jasa lukis tangan dan kaki</li>\r\n<li>Berbagai jenis merchandise</li>\r\n</ul>\r\n<p><strong>Catatan</strong></p>\r\n<p>Rumah Sosis buka dari jam 10 pagi, sampai dengan jam 10 malam. Lahan parkir yang ada terbatas, sehingga pada hari-hari libur panjang mungkin anda akan agak kesulitan mendapatkan parkir untuk kendaraan anda. Saya sarankan untuk datang pagi hari sehingga tidak terlalu ramai, dan anda juga akan mempunyai banyak waktu untuk <a href=\"http://anekatempatwisata.com/wisata-dan-kuliner-bandung-rumah-sosis/\">bermain dan bersantai di Rumah Sosis</a>. Perlu diingat bahwa tiap wahana permainan tidaklah gratis, melainkan memiliki harga yang bervariasi tergantung dari jenis permainan yang ingin anda mainkan. Tersedia juga paket hemat bermain di beberapa wahana sekaligus, selain itu ada juga permainan yang memberi hadiah berupa tiket masuk wahana permainan yang lain.</p>\r\n<p>&nbsp;</p>', 'a:7:{i:0;s:5:\"senin\";i:1;s:6:\"selasa\";i:2;s:4:\"rabu\";i:3;s:5:\"kamis\";i:4;s:5:\"jumat\";i:5;s:5:\"sabtu\";i:6;s:6:\"minggu\";}', '09:00:00', '17:00:00', '-6.8518831', '107.5941683', '1', '2016-06-06 06:55:02', '2016-06-07 04:56:06', '1', '1');
INSERT INTO `wisata_kuliner` VALUES ('7', 'Sapu Lidi', '1_3.jpg', 'Komplek Graha Puspa, Jl. Sersan Bajuri, Cihideung, Parongpong, Lembang, Kabupaten Bandung Barat, Jawa Barat, Indonesia', '<p><strong>SapuLidi</strong></p>\r\n<p>Salah satu daya tarik dari <strong>SapuLidi Resto and Cafe</strong> adalah Anda dapat bersantap di saung-saung di atas hamparan sawah layaknya petani yang ada di desa. Saung dibuat agak tinggi dari bambu dan beratap jerami menyerupai gubug panggung. Anda perlu naik beberapa anak tangga dari kayu untuk duduk lesehan di saung ini. Sedangkan pada bagian bawah adalah tanah berumput dan di samping saung ada petak-petak sawah.</p>\r\n<p>Untuk menambah kesan Anda sedang berada di sawah, terdapat orang-orangan sawah yang biasa digunakan petani untuk mengusir burung. Jalan untuk menuju saung-saung menyerupai pematang sawah dengan lebar yang kecil dari tanah. Samping kanan kiri pematang ini adalah petak-petak sawah. Pada bagian pinggir, aliran air kecil mengalir seperti aliran irigasi pada sawah. Pelayan-pelayan juga tampil menggunakan pakaian tradisional. Untuk pelayan wanita menggunakan kebaya begitu juga dengan pelayan pria yang menggunakan pakaian tradisional.</p>\r\n<p>Anda dapat merasakan suasana bersantap di di pinggir kolam ikan. Dengan pondok dari kayu dibuat diatas kolam ikan mas. Suasana makan berbeda dari makan di saung karena disini, Anda tidak makan secara lesehan melainkan duduk diatas kursi. Makan disini juga tidak bisa secara tersendiri karena banyak meja dalam pondok ini, berbeda dengan saung-saung yang hanya untuk kelompok kecil di tiap saungnya. Ini merupakan salah satu alasan lebih banyak yang memilih untuk makan diatas saung sambil melihat petak-petak sawah.</p>\r\n<p>Para pengunjung, terutama anak-anak suka untuk naik sampan yang ada di kolam ikan mas. Pengunjung dapat mendayung sampan ini sambil melihat ikan mas yang ada di dalam air. Cukup banyak ikan mas yang ada dalam kolam dan dengan ukuran yang lumayan besar. Hanya saja tidak terlalu luas kolam yang ada di dekat pondok kayu ini.</p>\r\n<p>&nbsp;</p>\r\n<p><strong>SapuLidi Resort</strong></p>\r\n<p>Dari tempat makan yang berupa saung-saung, terdapat pintu yang menghubungkan dengan <strong>SapuLidi Resort</strong>. SapuLidi memang menyediakan tempat untuk menginap berupa cottage yang didesain secara tradisional. Dengan pintu-pintu kayu gebyok adat Jawa yang menjadi pintu masuk ke dalam ruangan. Dalam cottage, tempat tidur dengan kelambu, meja, kursi dan lantai kayu yang sederhana membuat Anda serasa tinggal di desa. Belum lagi, kamar mandi berlantai batu-batu alam yang dibuat serasi dengan nuansa alami keseluruhan cottage.</p>\r\n<p>Washtafel dari batu dengan keran dari bambu atau berupa layaknya pancuran. Dalam tipe cottage tertentu, terdapat bathtub yang terbuat dari batu. Lingkungan sekitar resort dengan tumbuh-tumbuhan, jalanan setapak, cottage-cottage tradisional dan danau dapat membuat Anda merasakan suasana yang berbeda.</p>\r\n<p>&nbsp;</p>\r\n<p><strong>SapuLidi Restoran</strong></p>\r\n<p>Danau yang ada resort ini juga dapat digunakan oleh para pengunjung restoran SapuLidi. Tentu saja, jika tidak sedang digunakan oleh pengunjung lain atau tamu yang menginap di resort, karena naik sa. Terdapat 2 sampan dalam danau ini dan danau jauh lebih besar dibandingkan kolam yang ada di tempat makan. Bersampan di danau ini, Anda dapat menikmati tenangnya air danau yang dikelilingi cottage-cottage berdesain tradisional.</p>\r\n<p>Nama-nama unik dalam bahasa Sunda dari menu makanan bisa Anda coba. Misalnya Ikan Penghuni SapuLidi, Ayam Hiber Ka Bulan, Ayam Kahaseupan, Cumi Dag Dig Dug, dan menu lainnya. Untuk harga makanan berkisar dari Rp 10.000,- sampai Rp 52.000,-.</p>\r\n<p>Anda dapat pula merasakan minuman daerah yang ditawarkan SapuLidi. Minuman mulai dari jus, soft drink sampai minuman tradisional seperti sekoteng dan wedang ronde yang hangat. Menu minuman mulai dari Rp 3.500,- sampai Rp 35.000,-.</p>\r\n<p>&nbsp;</p>\r\n<p><strong>SapuLidi Gallery</strong></p>\r\n<p>Sebelum pulang, Anda dapat mampir di tempat penjualan souvenir SapuLidi. Terdapat aneka macam barang yang dapat Anda jadikan oleh-oleh. Mulai dari makanan berupa kripik dan makanan ringan lainnya. Aneka aksesories wanita menarik dapat dimiliki, seperti gelang, cincin atau kalung dari manik-manik maupun dari batu-batuan. Oleh-oleh unik dan khas yang disukai adalah miniatur sepeda ontel, miniatur becak dan miniatur becak sepeda. Selain itu, terdapat juga kaos, sepatu, tas dan berbagai kerajinan tangan yang dapat menjadi buah tangan untuk teman atau kerabat.</p>\r\n<p>&nbsp;</p>\r\n<p><strong>SapuLidi Cafe, Resort, &amp; Gallery</strong></p>\r\n<p>Jl. Sersan Bajuri<br /> Kompleks Graha Puspa<br /> Cihideung, Lembang <br /> Bandung, Jawa Barat<br /> Indonesia</p>', 'a:7:{i:0;s:5:\"senin\";i:1;s:6:\"selasa\";i:2;s:4:\"rabu\";i:3;s:5:\"kamis\";i:4;s:5:\"jumat\";i:5;s:5:\"sabtu\";i:6;s:6:\"minggu\";}', '09:00:00', '22:00:00', '-6.8125715', '107.5956437', '1', '2016-06-06 07:02:24', '2016-06-07 04:56:19', '1', '1');
INSERT INTO `wisata_kuliner` VALUES ('8', 'The Peak Resort Dinning', '3_2.jpg', 'Komplek Giri Indah, Jl. Cihanjuang, Desa Kariawang,Karyawangi,Parongpong,Kabupaten Bandung Barat, Jawa Barat, Indonesia', '<p><strong>The Peak Bandung</strong></p>\r\n<p><a href=\"http://tempatwisatadibandung.info/dusun-bambu-lembang-surga-wisata-alam-pegunungan/\"><strong>The Peak Bandung</strong></a> adalah sebuah cafe &amp; Resto yang berlokasi tak jauh dari pusat kawasan wisata Di Lembang terkenal lainnya seperti <a href=\"http://tempatwisatadibandung.info/kampung-daun/\">Kampung Daun</a>, <a href=\"http://tempatwisatadibandung.info/sapu-lidi-lembang-cafe-resto-galery-traditional-ethnic/\">Sapu Lidi</a>, <a href=\"http://tempatwisatadibandung.info/dusun-bambu-lembang-surga-wisata-alam-pegunungan/\">Dusun Bambu</a> atau <a href=\"http://tempatwisatadibandung.info/wisata-di-lembang/\">Wisata Lembang</a> lainnya.Tempat Wisata Kuliner ini berada di jalur Jln Sersan Bajuri,yang mana untuk bisa masuk ke The Peak,apabila anda dari arah Kota Bandung,maka seperti biasa patokannya adalah terminal Ledeng ,dan dari sana anda akan mudah menemukan jalan menuju The Peak Bandung.</p>\r\n<p><strong>The Full Of Romantic Resort Dining</strong></p>\r\n<p>Apa yang membedakan dan eksklusif dari <strong>The Peak Bandung</strong> dengan tempat wisata kuliner Bandung lainnya ? Tempat Kuliner yang mengusung jargon The Peak Resort Dining ini yang jelas,selain menyediakan menu kuliner yang lezat dan komplit baik lokal maupun mancanegara,The Peak mempunyai daya tarik atau nilai lebih akan lokasinya yang strategis berada di atas perbukitan Lembang,sehingga bagi anda yang mengunjungi The Peak akan bisa menikmati pemandangan alam Bandung yang menggoda serta sentuhan hawa dingin yang menyusup sampai persendian,sehingga akan tercipta suasana yang romantis sekali.</p>\r\n<p><strong>Tips berkunjung ke The Peak Bandung</strong></p>\r\n<p>Sayang apabila,dalam suatu kesempatan anda mengunjungi The Peak Bandung, namun karena anda kurang informasi tentang cara terbaik berkunung ke sini,maka moment berharga yang mungkin saja tak kan terulang jadi sirna,hilang begitu saja.Untuk itu,bagi anda yang belum pernah ke The Peak,ada baiknya mengetahui Tips memaksimalkan berwisata kuliner di The Peak ala Blog <a href=\"http://tempatwisatadibandung.info/curug-malela/\"><strong>Tempat Wisata Di Bandung</strong></a>.</p>\r\n<ul>\r\n<li><strong>Malam Hari</strong> &ndash; Berkunjunglah ke <strong>The Peak Bandung</strong> pada sore menjelang malam,sehingga anda akan sangat merasakan rasa takjub dan terpesona dengan suasana sore apalagi sudah malam di sini.Selain anda akan bisa menyaksikan keindahan Bandung di malam hari dengan hiasan tebaran lampu-lampu dari kejauhan yang sangat eksotis serta yang tak kalah sensasionalnya adalah terpaan hawa sangat dingin yang berasal dari arah pegunungan Burangrang,sehingga dijamin akan menambah nafsu makan dan kenikmatan makan-makanan favorit anda yang tersedia di The Peak Resort Dining.</li>\r\n<li><strong>Jangan Sendirian</strong> &ndash; Blog Tempat Wisata Di Bandung merekomendasikan bagi anda yang mau berkunjung ke sini harus membawa pasangan anda,kalaupun anda masih single atau ( Jomblo ) ,,maaf,disarankan untuk membawa teman.Kenapa demikian ? ya seperti yang sudah dibilang,karena suhu udara yang sangat dingin dan suasana yang sangat romantis,sayang dong apabila harus dinikmati sendiri..bisa-bisa kedinginan kan ? berbeda kalau ada pasangan atau teman,maka kita bisa berbagi kehangatan di tengah suasana dingin dan romantis dengan bercerita atau sekedar pegangan tangan dan selanjutnya terserah anda ( hehehe,,,kayak iklan ya ?)</li>\r\n<li><strong>Bawa Mantel/jaket</strong> &ndash; ini juga jangan sampai anda lewatkan,membawa perlengkapan baju hangat sangat diperlukan sekali buat melindungi tubuh anda dari suhu udara yang sangat dingin,terlebih pada malam hari.</li>\r\n<li><strong>Bawa Kamera</strong> &ndash; Nah,kalau yang ini sepertinya bisa dikatakan wajib juga untuk anda siapkan,kenapa ? lha zamannya selfie kan ? sambil menunggu hidangan pesanan makanan tiba,anda bisa berkeliling dulu di sekitar The Peak Resort Dining untuk berfoto dengan mengambil sudut-sudut keindahan kota bandung dari lokasi itu.Atau bahkan ketika makanan pun tiba,bisa anda foto dulu sebelum anda santap,dan pamerkan di social media seperti Instagram,Path atau yang lainnya.</li>\r\n</ul>\r\n<p>Sekedar Informasi tambahan lainnya adalah,<strong>The Peak Bandung</strong> adalah Resort Dining yang mempunyai ruangan indoor dan outdoor.Untuk yang di dalam atau indoor,konsep bernuansa Cafe akan sangat kental terasa.Di ruangan Indoor ini menyediakan makanan dan minuman berstandard Cafe,dan salah satu menu andalan The Peak Resort Dining adalah Steak-nya.Sementara untuk minumannya tersedia aneka minuman dingin,hangat sampai minuman anggur yang bisa menghangatkan tubuh anda.</p>\r\n<p>Sementara Untuk yang outdoor atau di luar ruangan,pengunjung The Peak Bandung akan bisa menikmati jajanan khas atau makanan seperti aneka olahan Pisang Keju bakar serta makanan dan minuman ringan lainnya.</p>\r\n<p><strong>Jam Buka The Peak Bandung</strong></p>\r\n<ul>\r\n<li>mulai buka dari pukul 09.00 s/d 02.00 wib ( conditional Time/disesuaikan waktunya )</li>\r\n</ul>\r\n<p><strong>Alamat The Peak Bandung</strong></p>\r\n<ul>\r\n<li>Jln Desa Karyawangi KM 6.8 No 388 Ciwaruga,Parongpong Bandung Barat &ndash; Jawa Barat</li>\r\n</ul>\r\n<p><strong>No Phone The Peak Bandung</strong></p>\r\n<ul>\r\n<li>(022) 2785429</li>\r\n</ul>\r\n<p>&nbsp;</p>', 'a:7:{i:0;s:5:\"senin\";i:1;s:6:\"selasa\";i:2;s:4:\"rabu\";i:3;s:5:\"kamis\";i:4;s:5:\"jumat\";i:5;s:5:\"sabtu\";i:6;s:6:\"minggu\";}', '11:00:00', '00:00:00', '-6.8182147', '107.5794259', '1', '2016-06-06 07:09:47', '2016-06-07 04:57:17', '1', '1');

-- ----------------------------
-- Table structure for wisata_kuliner_galeri
-- ----------------------------
DROP TABLE IF EXISTS `wisata_kuliner_galeri`;
CREATE TABLE `wisata_kuliner_galeri` (
  `wisata_kuliner_galeri_id` int(11) NOT NULL AUTO_INCREMENT,
  `nama_foto` varchar(45) DEFAULT NULL,
  `url_foto` varchar(45) DEFAULT NULL,
  `deskripsi_foto` varchar(120) DEFAULT NULL,
  `stt` int(11) DEFAULT NULL,
  `date_add` date DEFAULT NULL,
  `time_add` time DEFAULT NULL,
  `wisata_kuliner_id` int(11) NOT NULL,
  PRIMARY KEY (`wisata_kuliner_galeri_id`),
  KEY `fk_kuliner_galeri_kuliner1_idx` (`wisata_kuliner_id`),
  CONSTRAINT `fk_kuliner_galeri_kuliner1` FOREIGN KEY (`wisata_kuliner_id`) REFERENCES `wisata_kuliner` (`wisata_kuliner_id`) ON DELETE NO ACTION ON UPDATE NO ACTION
) ENGINE=InnoDB AUTO_INCREMENT=15 DEFAULT CHARSET=latin1;

-- ----------------------------
-- Records of wisata_kuliner_galeri
-- ----------------------------
INSERT INTO `wisata_kuliner_galeri` VALUES ('9', '', 'default.png', '', '1', '2016-06-07', '04:55:17', '4');
INSERT INTO `wisata_kuliner_galeri` VALUES ('10', '', '1.jpg', '', '1', '2016-06-07', '04:55:53', '5');
INSERT INTO `wisata_kuliner_galeri` VALUES ('11', '', '2.jpg', '', '1', '2016-06-07', '04:56:19', '7');
INSERT INTO `wisata_kuliner_galeri` VALUES ('14', '', '3_2.jpg', '', '1', '2016-06-07', '04:57:17', '8');
